{
    "model": "est-roberta",
    "trained_on": "EWT",
    "epochs": 3,
    "evaluated_on": "EWT",
    "results": {
        "strict": {
            "correct": 1321,
            "incorrect": 372,
            "partial": 0,
            "missed": 175,
            "spurious": 227,
            "possible": 1868,
            "actual": 1920,
            "precision": 0.6880208333333333,
            "recall": 0.7071734475374732,
            "f1": 0.6974656810982047
        },
        "EVE": {
            "correct": 19,
            "incorrect": 23,
            "partial": 0,
            "missed": 12,
            "spurious": 6,
            "possible": 54,
            "actual": 48,
            "precision": 0.3958333333333333,
            "recall": 0.35185185185185186,
            "f1": 0.3725490196078432
        },
        "GEP": {
            "correct": 35,
            "incorrect": 15,
            "partial": 0,
            "missed": 7,
            "spurious": 6,
            "possible": 57,
            "actual": 56,
            "precision": 0.625,
            "recall": 0.6140350877192983,
            "f1": 0.6194690265486725
        },
        "LOC": {
            "correct": 24,
            "incorrect": 27,
            "partial": 0,
            "missed": 9,
            "spurious": 2,
            "possible": 60,
            "actual": 53,
            "precision": 0.4528301886792453,
            "recall": 0.4,
            "f1": 0.4247787610619469
        },
        "MUU": {
            "correct": 0,
            "incorrect": 0,
            "partial": 0,
            "missed": 0,
            "spurious": 0,
            "possible": 0,
            "actual": 0,
            "precision": 0,
            "recall": 0,
            "f1": 0
        },
        "ORG": {
            "correct": 70,
            "incorrect": 86,
            "partial": 0,
            "missed": 40,
            "spurious": 5,
            "possible": 196,
            "actual": 161,
            "precision": 0.43478260869565216,
            "recall": 0.35714285714285715,
            "f1": 0.39215686274509803
        },
        "PER": {
            "correct": 963,
            "incorrect": 178,
            "partial": 0,
            "missed": 15,
            "spurious": 35,
            "possible": 1156,
            "actual": 1176,
            "precision": 0.8188775510204082,
            "recall": 0.833044982698962,
            "f1": 0.8259005145797599
        },
        "PROD": {
            "correct": 210,
            "incorrect": 43,
            "partial": 0,
            "missed": 92,
            "spurious": 173,
            "possible": 345,
            "actual": 426,
            "precision": 0.49295774647887325,
            "recall": 0.6086956521739131,
            "f1": 0.5447470817120623
        },
        "UNK": {
            "correct": 0,
            "incorrect": 0,
            "partial": 0,
            "missed": 0,
            "spurious": 0,
            "possible": 0,
            "actual": 0,
            "precision": 0,
            "recall": 0,
            "f1": 0
        }
    }
}