{
    "model": "EstRoBERTa",
    "trained_on": "Combined",
    "epochs": 3,
    "evaluated_on": "EDT",
    "results": {
        "strict": {
            "correct": 3930,
            "incorrect": 707,
            "partial": 0,
            "missed": 214,
            "spurious": 166,
            "possible": 4851,
            "actual": 4803,
            "precision": 0.8182386008744534,
            "recall": 0.8101422387136673,
            "f1": 0.8141702921068986
        },
        "EVE": {
            "correct": 52,
            "incorrect": 18,
            "partial": 0,
            "missed": 25,
            "spurious": 10,
            "possible": 95,
            "actual": 80,
            "precision": 0.65,
            "recall": 0.5473684210526316,
            "f1": 0.5942857142857143
        },
        "GEP": {
            "correct": 386,
            "incorrect": 73,
            "partial": 0,
            "missed": 10,
            "spurious": 11,
            "possible": 469,
            "actual": 470,
            "precision": 0.8212765957446808,
            "recall": 0.8230277185501066,
            "f1": 0.8221512247071351
        },
        "LOC": {
            "correct": 427,
            "incorrect": 182,
            "partial": 0,
            "missed": 16,
            "spurious": 9,
            "possible": 625,
            "actual": 618,
            "precision": 0.6909385113268608,
            "recall": 0.6832,
            "f1": 0.6870474658085278
        },
        "MUU": {
            "correct": 0,
            "incorrect": 8,
            "partial": 0,
            "missed": 0,
            "spurious": 0,
            "possible": 8,
            "actual": 8,
            "precision": 0.0,
            "recall": 0.0,
            "f1": 0
        },
        "ORG": {
            "correct": 574,
            "incorrect": 133,
            "partial": 0,
            "missed": 24,
            "spurious": 39,
            "possible": 731,
            "actual": 746,
            "precision": 0.7694369973190348,
            "recall": 0.7852257181942545,
            "f1": 0.7772511848341233
        },
        "PER": {
            "correct": 2150,
            "incorrect": 101,
            "partial": 0,
            "missed": 37,
            "spurious": 27,
            "possible": 2288,
            "actual": 2278,
            "precision": 0.9438103599648815,
            "recall": 0.9396853146853147,
            "f1": 0.941743320192729
        },
        "PROD": {
            "correct": 341,
            "incorrect": 190,
            "partial": 0,
            "missed": 102,
            "spurious": 70,
            "possible": 633,
            "actual": 601,
            "precision": 0.56738768718802,
            "recall": 0.5387045813586098,
            "f1": 0.5526742301458671
        },
        "UNK": {
            "correct": 0,
            "incorrect": 2,
            "partial": 0,
            "missed": 0,
            "spurious": 0,
            "possible": 2,
            "actual": 2,
            "precision": 0.0,
            "recall": 0.0,
            "f1": 0
        }
    }
}