{
    "model": "EstRoBERTa",
    "trained_on": "Combined",
    "epochs": 3,
    "evaluated_on": "EstNER_new",
    "results": {
        "strict": {
            "correct": 1103,
            "incorrect": 381,
            "partial": 0,
            "missed": 342,
            "spurious": 94,
            "possible": 1826,
            "actual": 1578,
            "precision": 0.6989860583016476,
            "recall": 0.604052573932092,
            "f1": 0.6480611045828437
        },
        "EVE": {
            "correct": 10,
            "incorrect": 8,
            "partial": 0,
            "missed": 42,
            "spurious": 8,
            "possible": 60,
            "actual": 26,
            "precision": 0.38461538461538464,
            "recall": 0.16666666666666666,
            "f1": 0.2325581395348837
        },
        "GEP": {
            "correct": 243,
            "incorrect": 166,
            "partial": 0,
            "missed": 6,
            "spurious": 7,
            "possible": 415,
            "actual": 416,
            "precision": 0.5841346153846154,
            "recall": 0.5855421686746988,
            "f1": 0.5848375451263538
        },
        "LOC": {
            "correct": 52,
            "incorrect": 45,
            "partial": 0,
            "missed": 0,
            "spurious": 9,
            "possible": 97,
            "actual": 106,
            "precision": 0.49056603773584906,
            "recall": 0.5360824742268041,
            "f1": 0.5123152709359605
        },
        "MUU": {
            "correct": 0,
            "incorrect": 0,
            "partial": 0,
            "missed": 0,
            "spurious": 0,
            "possible": 0,
            "actual": 0,
            "precision": 0,
            "recall": 0,
            "f1": 0
        },
        "ORG": {
            "correct": 216,
            "incorrect": 81,
            "partial": 0,
            "missed": 64,
            "spurious": 23,
            "possible": 361,
            "actual": 320,
            "precision": 0.675,
            "recall": 0.5983379501385041,
            "f1": 0.6343612334801763
        },
        "PER": {
            "correct": 487,
            "incorrect": 40,
            "partial": 0,
            "missed": 4,
            "spurious": 19,
            "possible": 531,
            "actual": 546,
            "precision": 0.891941391941392,
            "recall": 0.9171374764595104,
            "f1": 0.9043639740018572
        },
        "PROD": {
            "correct": 95,
            "incorrect": 41,
            "partial": 0,
            "missed": 226,
            "spurious": 28,
            "possible": 362,
            "actual": 164,
            "precision": 0.5792682926829268,
            "recall": 0.26243093922651933,
            "f1": 0.36121673003802285
        },
        "UNK": {
            "correct": 0,
            "incorrect": 0,
            "partial": 0,
            "missed": 0,
            "spurious": 0,
            "possible": 0,
            "actual": 0,
            "precision": 0,
            "recall": 0,
            "f1": 0
        }
    }
}