{
    "model": "EstRoBERTa",
    "trained_on": "Combined",
    "epochs": 6,
    "evaluated_on": "EWT",
    "results": {
        "strict": {
            "correct": 1249,
            "incorrect": 250,
            "partial": 0,
            "missed": 174,
            "spurious": 181,
            "possible": 1673,
            "actual": 1680,
            "precision": 0.743452380952381,
            "recall": 0.7465630603705917,
            "f1": 0.7450044736057263
        },
        "EVE": {
            "correct": 42,
            "incorrect": 2,
            "partial": 0,
            "missed": 11,
            "spurious": 1,
            "possible": 55,
            "actual": 45,
            "precision": 0.9333333333333333,
            "recall": 0.7636363636363637,
            "f1": 0.84
        },
        "GEP": {
            "correct": 49,
            "incorrect": 9,
            "partial": 0,
            "missed": 2,
            "spurious": 4,
            "possible": 60,
            "actual": 62,
            "precision": 0.7903225806451613,
            "recall": 0.8166666666666667,
            "f1": 0.8032786885245902
        },
        "LOC": {
            "correct": 47,
            "incorrect": 10,
            "partial": 0,
            "missed": 5,
            "spurious": 30,
            "possible": 62,
            "actual": 87,
            "precision": 0.5402298850574713,
            "recall": 0.7580645161290323,
            "f1": 0.6308724832214766
        },
        "MUU": {
            "correct": 0,
            "incorrect": 0,
            "partial": 0,
            "missed": 0,
            "spurious": 0,
            "possible": 0,
            "actual": 0,
            "precision": 0,
            "recall": 0,
            "f1": 0
        },
        "ORG": {
            "correct": 93,
            "incorrect": 67,
            "partial": 0,
            "missed": 13,
            "spurious": 24,
            "possible": 173,
            "actual": 184,
            "precision": 0.5054347826086957,
            "recall": 0.5375722543352601,
            "f1": 0.5210084033613446
        },
        "PER": {
            "correct": 858,
            "incorrect": 133,
            "partial": 0,
            "missed": 22,
            "spurious": 36,
            "possible": 1013,
            "actual": 1027,
            "precision": 0.8354430379746836,
            "recall": 0.8469891411648569,
            "f1": 0.8411764705882353
        },
        "PROD": {
            "correct": 160,
            "incorrect": 29,
            "partial": 0,
            "missed": 121,
            "spurious": 86,
            "possible": 310,
            "actual": 275,
            "precision": 0.5818181818181818,
            "recall": 0.5161290322580645,
            "f1": 0.5470085470085471
        },
        "UNK": {
            "correct": 0,
            "incorrect": 0,
            "partial": 0,
            "missed": 0,
            "spurious": 0,
            "possible": 0,
            "actual": 0,
            "precision": 0,
            "recall": 0,
            "f1": 0
        }
    }
}