{
    "model": "EstRoBERTa",
    "trained_on": "Combined",
    "evaluated_on": "EWT",
    "results": {
        "Strict": {
            "correct": 1198,
            "incorrect": 231,
            "partial": 0,
            "missed": 244,
            "spurious": 139,
            "possible": 1673,
            "actual": 1568,
            "precision": 0.764030612244898,
            "recall": 0.7160789001793186,
            "f1": 0.7392780006170935
        },
        "EVE": {
            "correct": 35,
            "incorrect": 4,
            "partial": 0,
            "missed": 16,
            "spurious": 2,
            "possible": 55,
            "actual": 41,
            "precision": 0.8536585365853658,
            "recall": 0.6363636363636364,
            "f1": 0.7291666666666666
        },
        "GEP": {
            "correct": 50,
            "incorrect": 3,
            "partial": 0,
            "missed": 7,
            "spurious": 5,
            "possible": 60,
            "actual": 58,
            "precision": 0.8620689655172413,
            "recall": 0.8333333333333334,
            "f1": 0.847457627118644
        },
        "LOC": {
            "correct": 39,
            "incorrect": 10,
            "partial": 0,
            "missed": 13,
            "spurious": 2,
            "possible": 62,
            "actual": 51,
            "precision": 0.7647058823529411,
            "recall": 0.6290322580645161,
            "f1": 0.6902654867256637
        },
        "MUU": {
            "correct": 0,
            "incorrect": 0,
            "partial": 0,
            "missed": 0,
            "spurious": 0,
            "possible": 0,
            "actual": 0,
            "precision": 0,
            "recall": 0,
            "f1": 0
        },
        "ORG": {
            "correct": 82,
            "incorrect": 78,
            "partial": 0,
            "missed": 13,
            "spurious": 12,
            "possible": 173,
            "actual": 172,
            "precision": 0.47674418604651164,
            "recall": 0.47398843930635837,
            "f1": 0.47536231884057967
        },
        "PER": {
            "correct": 876,
            "incorrect": 120,
            "partial": 0,
            "missed": 17,
            "spurious": 23,
            "possible": 1013,
            "actual": 1019,
            "precision": 0.8596663395485771,
            "recall": 0.8647581441263573,
            "f1": 0.8622047244094488
        },
        "PROD": {
            "correct": 116,
            "incorrect": 16,
            "partial": 0,
            "missed": 178,
            "spurious": 95,
            "possible": 310,
            "actual": 227,
            "precision": 0.5110132158590308,
            "recall": 0.3741935483870968,
            "f1": 0.43202979515828677
        },
        "UNK": {
            "correct": 0,
            "incorrect": 0,
            "partial": 0,
            "missed": 0,
            "spurious": 0,
            "possible": 0,
            "actual": 0,
            "precision": 0,
            "recall": 0,
            "f1": 0
        }
    }
}