{
    "model": "EstRoBERTa",
    "trained_on": "Combined",
    "evaluated_on": "EDT",
    "results": {
        "Strict": {
            "correct": 3826,
            "incorrect": 798,
            "partial": 0,
            "missed": 228,
            "spurious": 183,
            "possible": 4852,
            "actual": 4807,
            "precision": 0.7959226128562513,
            "recall": 0.7885408079142622,
            "f1": 0.7922145149601408
        },
        "EVE": {
            "correct": 54,
            "incorrect": 17,
            "partial": 0,
            "missed": 24,
            "spurious": 7,
            "possible": 95,
            "actual": 78,
            "precision": 0.6923076923076923,
            "recall": 0.5684210526315789,
            "f1": 0.6242774566473989
        },
        "GEP": {
            "correct": 369,
            "incorrect": 86,
            "partial": 0,
            "missed": 15,
            "spurious": 14,
            "possible": 470,
            "actual": 469,
            "precision": 0.7867803837953091,
            "recall": 0.7851063829787234,
            "f1": 0.7859424920127795
        },
        "LOC": {
            "correct": 430,
            "incorrect": 178,
            "partial": 0,
            "missed": 17,
            "spurious": 18,
            "possible": 625,
            "actual": 626,
            "precision": 0.6869009584664537,
            "recall": 0.688,
            "f1": 0.6874500399680256
        },
        "MUU": {
            "correct": 0,
            "incorrect": 2,
            "partial": 0,
            "missed": 6,
            "spurious": 0,
            "possible": 8,
            "actual": 2,
            "precision": 0.0,
            "recall": 0.0,
            "f1": 0
        },
        "ORG": {
            "correct": 561,
            "incorrect": 146,
            "partial": 0,
            "missed": 24,
            "spurious": 45,
            "possible": 731,
            "actual": 752,
            "precision": 0.7460106382978723,
            "recall": 0.7674418604651163,
            "f1": 0.7565745111260956
        },
        "PER": {
            "correct": 2088,
            "incorrect": 149,
            "partial": 0,
            "missed": 51,
            "spurious": 31,
            "possible": 2288,
            "actual": 2268,
            "precision": 0.9206349206349206,
            "recall": 0.9125874125874126,
            "f1": 0.9165935030728709
        },
        "PROD": {
            "correct": 324,
            "incorrect": 218,
            "partial": 0,
            "missed": 91,
            "spurious": 68,
            "possible": 633,
            "actual": 610,
            "precision": 0.5311475409836065,
            "recall": 0.5118483412322274,
            "f1": 0.5213193885760257
        },
        "UNK": {
            "correct": 0,
            "incorrect": 2,
            "partial": 0,
            "missed": 0,
            "spurious": 0,
            "possible": 2,
            "actual": 2,
            "precision": 0.0,
            "recall": 0.0,
            "f1": 0
        }
    }
}