{
    "model": "EstRoBERTa",
    "trained_on": "Combined",
    "epochs": 3,
    "evaluated_on": "Combined",
    "results": {
        "strict": {
            "correct": 5104,
            "incorrect": 981,
            "partial": 0,
            "missed": 440,
            "spurious": 276,
            "possible": 6525,
            "actual": 6361,
            "precision": 0.8023895613897186,
            "recall": 0.7822222222222223,
            "f1": 0.7921775570386466
        },
        "EVE": {
            "correct": 87,
            "incorrect": 22,
            "partial": 0,
            "missed": 41,
            "spurious": 12,
            "possible": 150,
            "actual": 121,
            "precision": 0.71900826446281,
            "recall": 0.58,
            "f1": 0.6420664206642066
        },
        "GEP": {
            "correct": 442,
            "incorrect": 78,
            "partial": 0,
            "missed": 10,
            "spurious": 15,
            "possible": 530,
            "actual": 535,
            "precision": 0.8261682242990654,
            "recall": 0.8339622641509434,
            "f1": 0.8300469483568075
        },
        "LOC": {
            "correct": 471,
            "incorrect": 189,
            "partial": 0,
            "missed": 27,
            "spurious": 9,
            "possible": 687,
            "actual": 669,
            "precision": 0.7040358744394619,
            "recall": 0.6855895196506551,
            "f1": 0.6946902654867256
        },
        "MUU": {
            "correct": 0,
            "incorrect": 8,
            "partial": 0,
            "missed": 0,
            "spurious": 0,
            "possible": 8,
            "actual": 8,
            "precision": 0.0,
            "recall": 0.0,
            "f1": 0
        },
        "ORG": {
            "correct": 659,
            "incorrect": 207,
            "partial": 0,
            "missed": 38,
            "spurious": 54,
            "possible": 904,
            "actual": 920,
            "precision": 0.716304347826087,
            "recall": 0.7289823008849557,
            "f1": 0.7225877192982457
        },
        "PER": {
            "correct": 2978,
            "incorrect": 263,
            "partial": 0,
            "missed": 60,
            "spurious": 43,
            "possible": 3301,
            "actual": 3284,
            "precision": 0.9068209500609014,
            "recall": 0.9021508633747349,
            "f1": 0.9044798785117691
        },
        "PROD": {
            "correct": 467,
            "incorrect": 212,
            "partial": 0,
            "missed": 264,
            "spurious": 143,
            "possible": 943,
            "actual": 822,
            "precision": 0.5681265206812652,
            "recall": 0.49522799575821846,
            "f1": 0.5291784702549576
        },
        "UNK": {
            "correct": 0,
            "incorrect": 2,
            "partial": 0,
            "missed": 0,
            "spurious": 0,
            "possible": 2,
            "actual": 2,
            "precision": 0.0,
            "recall": 0.0,
            "f1": 0
        }
    }
}