{
    "model": "EstRoBERTa",
    "trained_on": "Combined",
    "epochs": 3,
    "evaluated_on": "EWT",
    "results": {
        "strict": {
            "correct": 1173,
            "incorrect": 274,
            "partial": 0,
            "missed": 226,
            "spurious": 110,
            "possible": 1673,
            "actual": 1557,
            "precision": 0.7533718689788054,
            "recall": 0.7011356843992828,
            "f1": 0.7263157894736841
        },
        "EVE": {
            "correct": 35,
            "incorrect": 4,
            "partial": 0,
            "missed": 16,
            "spurious": 2,
            "possible": 55,
            "actual": 41,
            "precision": 0.8536585365853658,
            "recall": 0.6363636363636364,
            "f1": 0.7291666666666666
        },
        "GEP": {
            "correct": 55,
            "incorrect": 5,
            "partial": 0,
            "missed": 0,
            "spurious": 4,
            "possible": 60,
            "actual": 64,
            "precision": 0.859375,
            "recall": 0.9166666666666666,
            "f1": 0.8870967741935484
        },
        "LOC": {
            "correct": 44,
            "incorrect": 7,
            "partial": 0,
            "missed": 11,
            "spurious": 0,
            "possible": 62,
            "actual": 51,
            "precision": 0.8627450980392157,
            "recall": 0.7096774193548387,
            "f1": 0.7787610619469026
        },
        "MUU": {
            "correct": 0,
            "incorrect": 0,
            "partial": 0,
            "missed": 0,
            "spurious": 0,
            "possible": 0,
            "actual": 0,
            "precision": 0,
            "recall": 0,
            "f1": 0
        },
        "ORG": {
            "correct": 85,
            "incorrect": 74,
            "partial": 0,
            "missed": 14,
            "spurious": 15,
            "possible": 173,
            "actual": 174,
            "precision": 0.4885057471264368,
            "recall": 0.4913294797687861,
            "f1": 0.48991354466858794
        },
        "PER": {
            "correct": 828,
            "incorrect": 162,
            "partial": 0,
            "missed": 23,
            "spurious": 16,
            "possible": 1013,
            "actual": 1006,
            "precision": 0.8230616302186878,
            "recall": 0.8173741362290227,
            "f1": 0.8202080237741456
        },
        "PROD": {
            "correct": 126,
            "incorrect": 22,
            "partial": 0,
            "missed": 162,
            "spurious": 73,
            "possible": 310,
            "actual": 221,
            "precision": 0.5701357466063348,
            "recall": 0.4064516129032258,
            "f1": 0.47457627118644063
        },
        "UNK": {
            "correct": 0,
            "incorrect": 0,
            "partial": 0,
            "missed": 0,
            "spurious": 0,
            "possible": 0,
            "actual": 0,
            "precision": 0,
            "recall": 0,
            "f1": 0
        }
    }
}