{
    "model": "EstRoBERTa",
    "trained_on": "Combined",
    "epochs": 6,
    "evaluated_on": "Combined",
    "results": {
        "strict": {
            "correct": 5084,
            "incorrect": 1104,
            "partial": 0,
            "missed": 337,
            "spurious": 388,
            "possible": 6525,
            "actual": 6576,
            "precision": 0.7731143552311436,
            "recall": 0.7791570881226053,
            "f1": 0.7761239600030532
        },
        "EVE": {
            "correct": 91,
            "incorrect": 26,
            "partial": 0,
            "missed": 33,
            "spurious": 26,
            "possible": 150,
            "actual": 143,
            "precision": 0.6363636363636364,
            "recall": 0.6066666666666667,
            "f1": 0.6211604095563139
        },
        "GEP": {
            "correct": 348,
            "incorrect": 167,
            "partial": 0,
            "missed": 15,
            "spurious": 17,
            "possible": 530,
            "actual": 532,
            "precision": 0.6541353383458647,
            "recall": 0.6566037735849056,
            "f1": 0.655367231638418
        },
        "LOC": {
            "correct": 503,
            "incorrect": 163,
            "partial": 0,
            "missed": 21,
            "spurious": 54,
            "possible": 687,
            "actual": 720,
            "precision": 0.6986111111111111,
            "recall": 0.7321688500727802,
            "f1": 0.7149964463397299
        },
        "MUU": {
            "correct": 0,
            "incorrect": 8,
            "partial": 0,
            "missed": 0,
            "spurious": 1,
            "possible": 8,
            "actual": 9,
            "precision": 0.0,
            "recall": 0.0,
            "f1": 0
        },
        "ORG": {
            "correct": 670,
            "incorrect": 200,
            "partial": 0,
            "missed": 34,
            "spurious": 73,
            "possible": 904,
            "actual": 943,
            "precision": 0.7104984093319194,
            "recall": 0.7411504424778761,
            "f1": 0.7255008121277747
        },
        "PER": {
            "correct": 2944,
            "incorrect": 293,
            "partial": 0,
            "missed": 64,
            "spurious": 59,
            "possible": 3301,
            "actual": 3296,
            "precision": 0.8932038834951457,
            "recall": 0.891850954256286,
            "f1": 0.8925269061694711
        },
        "PROD": {
            "correct": 528,
            "incorrect": 245,
            "partial": 0,
            "missed": 170,
            "spurious": 157,
            "possible": 943,
            "actual": 930,
            "precision": 0.567741935483871,
            "recall": 0.559915164369035,
            "f1": 0.5638013881473571
        },
        "UNK": {
            "correct": 0,
            "incorrect": 2,
            "partial": 0,
            "missed": 0,
            "spurious": 1,
            "possible": 2,
            "actual": 3,
            "precision": 0.0,
            "recall": 0.0,
            "f1": 0
        }
    }
}