{
    "model": "EstBERT_6",
    "trained_on": "Combined",
    "evaluated_on": "EWT",
    "results": {
        "Strict": {
            "correct": 1293,
            "incorrect": 237,
            "partial": 0,
            "missed": 325,
            "spurious": 138,
            "possible": 1855,
            "actual": 1668,
            "precision": 0.7751798561151079,
            "recall": 0.6970350404312669,
            "f1": 0.7340334941810958
        },
        "EVE": {
            "correct": 33,
            "incorrect": 7,
            "partial": 0,
            "missed": 17,
            "spurious": 9,
            "possible": 57,
            "actual": 49,
            "precision": 0.673469387755102,
            "recall": 0.5789473684210527,
            "f1": 0.6226415094339622
        },
        "GEP": {
            "correct": 40,
            "incorrect": 12,
            "partial": 0,
            "missed": 3,
            "spurious": 2,
            "possible": 55,
            "actual": 54,
            "precision": 0.7407407407407407,
            "recall": 0.7272727272727273,
            "f1": 0.7339449541284404
        },
        "LOC": {
            "correct": 34,
            "incorrect": 13,
            "partial": 0,
            "missed": 8,
            "spurious": 10,
            "possible": 55,
            "actual": 57,
            "precision": 0.5964912280701754,
            "recall": 0.6181818181818182,
            "f1": 0.607142857142857
        },
        "MUU": {
            "correct": 0,
            "incorrect": 0,
            "partial": 0,
            "missed": 0,
            "spurious": 0,
            "possible": 0,
            "actual": 0,
            "precision": 0,
            "recall": 0,
            "f1": 0
        },
        "ORG": {
            "correct": 125,
            "incorrect": 76,
            "partial": 0,
            "missed": 30,
            "spurious": 9,
            "possible": 231,
            "actual": 210,
            "precision": 0.5952380952380952,
            "recall": 0.5411255411255411,
            "f1": 0.5668934240362813
        },
        "PER": {
            "correct": 945,
            "incorrect": 103,
            "partial": 0,
            "missed": 47,
            "spurious": 26,
            "possible": 1095,
            "actual": 1074,
            "precision": 0.8798882681564246,
            "recall": 0.863013698630137,
            "f1": 0.8713692946058091
        },
        "PROD": {
            "correct": 116,
            "incorrect": 26,
            "partial": 0,
            "missed": 220,
            "spurious": 80,
            "possible": 362,
            "actual": 222,
            "precision": 0.5225225225225225,
            "recall": 0.32044198895027626,
            "f1": 0.3972602739726027
        },
        "UNK": {
            "correct": 0,
            "incorrect": 0,
            "partial": 0,
            "missed": 0,
            "spurious": 2,
            "possible": 0,
            "actual": 2,
            "precision": 0.0,
            "recall": 0,
            "f1": 0
        }
    }
}