{
    "model": "EstBERT_6",
    "trained_on": "Combined",
    "evaluated_on": "EDT",
    "results": {
        "Strict": {
            "correct": 3578,
            "incorrect": 766,
            "partial": 0,
            "missed": 219,
            "spurious": 279,
            "possible": 4563,
            "actual": 4623,
            "precision": 0.7739563054293749,
            "recall": 0.7841332456717072,
            "f1": 0.7790115392989332
        },
        "EVE": {
            "correct": 26,
            "incorrect": 25,
            "partial": 0,
            "missed": 33,
            "spurious": 7,
            "possible": 84,
            "actual": 58,
            "precision": 0.4482758620689655,
            "recall": 0.30952380952380953,
            "f1": 0.3661971830985915
        },
        "GEP": {
            "correct": 254,
            "incorrect": 122,
            "partial": 0,
            "missed": 8,
            "spurious": 13,
            "possible": 384,
            "actual": 389,
            "precision": 0.6529562982005142,
            "recall": 0.6614583333333334,
            "f1": 0.6571798188874515
        },
        "LOC": {
            "correct": 341,
            "incorrect": 85,
            "partial": 0,
            "missed": 15,
            "spurious": 19,
            "possible": 441,
            "actual": 445,
            "precision": 0.7662921348314606,
            "recall": 0.7732426303854876,
            "f1": 0.7697516930022573
        },
        "MUU": {
            "correct": 0,
            "incorrect": 4,
            "partial": 0,
            "missed": 2,
            "spurious": 3,
            "possible": 6,
            "actual": 7,
            "precision": 0.0,
            "recall": 0.0,
            "f1": 0
        },
        "ORG": {
            "correct": 528,
            "incorrect": 176,
            "partial": 0,
            "missed": 25,
            "spurious": 57,
            "possible": 729,
            "actual": 761,
            "precision": 0.6938239159001314,
            "recall": 0.7242798353909465,
            "f1": 0.7087248322147651
        },
        "PER": {
            "correct": 2109,
            "incorrect": 156,
            "partial": 0,
            "missed": 62,
            "spurious": 78,
            "possible": 2327,
            "actual": 2343,
            "precision": 0.9001280409731114,
            "recall": 0.9063171465406102,
            "f1": 0.9032119914346896
        },
        "PROD": {
            "correct": 320,
            "incorrect": 196,
            "partial": 0,
            "missed": 74,
            "spurious": 101,
            "possible": 590,
            "actual": 617,
            "precision": 0.5186385737439222,
            "recall": 0.5423728813559322,
            "f1": 0.5302402651201326
        },
        "UNK": {
            "correct": 0,
            "incorrect": 2,
            "partial": 0,
            "missed": 0,
            "spurious": 1,
            "possible": 2,
            "actual": 3,
            "precision": 0.0,
            "recall": 0.0,
            "f1": 0
        }
    }
}