{
    "model": "EstBERT",
    "trained_on": "EDT",
    "epochs": 3,
    "evaluated_on": "EDT",
    "results": {
        "strict": {
            "correct": 3574,
            "incorrect": 758,
            "partial": 0,
            "missed": 231,
            "spurious": 277,
            "possible": 4563,
            "actual": 4609,
            "precision": 0.7754393577782599,
            "recall": 0.7832566294104756,
            "f1": 0.7793283907544701
        },
        "EVE": {
            "correct": 26,
            "incorrect": 25,
            "partial": 0,
            "missed": 33,
            "spurious": 11,
            "possible": 84,
            "actual": 62,
            "precision": 0.41935483870967744,
            "recall": 0.30952380952380953,
            "f1": 0.3561643835616438
        },
        "GEP": {
            "correct": 283,
            "incorrect": 89,
            "partial": 0,
            "missed": 12,
            "spurious": 9,
            "possible": 384,
            "actual": 381,
            "precision": 0.7427821522309711,
            "recall": 0.7369791666666666,
            "f1": 0.7398692810457517
        },
        "LOC": {
            "correct": 322,
            "incorrect": 104,
            "partial": 0,
            "missed": 15,
            "spurious": 12,
            "possible": 441,
            "actual": 438,
            "precision": 0.7351598173515982,
            "recall": 0.7301587301587301,
            "f1": 0.732650739476678
        },
        "MUU": {
            "correct": 0,
            "incorrect": 5,
            "partial": 0,
            "missed": 1,
            "spurious": 0,
            "possible": 6,
            "actual": 5,
            "precision": 0.0,
            "recall": 0.0,
            "f1": 0
        },
        "ORG": {
            "correct": 546,
            "incorrect": 159,
            "partial": 0,
            "missed": 24,
            "spurious": 64,
            "possible": 729,
            "actual": 769,
            "precision": 0.7100130039011704,
            "recall": 0.7489711934156379,
            "f1": 0.7289719626168225
        },
        "PER": {
            "correct": 2094,
            "incorrect": 174,
            "partial": 0,
            "missed": 59,
            "spurious": 51,
            "possible": 2327,
            "actual": 2319,
            "precision": 0.9029754204398448,
            "recall": 0.8998710786420283,
            "f1": 0.9014205768402926
        },
        "PROD": {
            "correct": 303,
            "incorrect": 200,
            "partial": 0,
            "missed": 87,
            "spurious": 130,
            "possible": 590,
            "actual": 633,
            "precision": 0.4786729857819905,
            "recall": 0.5135593220338983,
            "f1": 0.49550286181520853
        },
        "UNK": {
            "correct": 0,
            "incorrect": 2,
            "partial": 0,
            "missed": 0,
            "spurious": 0,
            "possible": 2,
            "actual": 2,
            "precision": 0.0,
            "recall": 0.0,
            "f1": 0
        }
    }
}
