{
    "model": "EstRoBERTa",
    "trained_on": "EWT",
    "epochs": 3,
    "evaluated_on": "EWT",
    "results": {
        "strict": {
            "correct": 1073,
            "incorrect": 399,
            "partial": 0,
            "missed": 201,
            "spurious": 205,
            "possible": 1673,
            "actual": 1677,
            "precision": 0.6398330351818724,
            "recall": 0.6413628212791392,
            "f1": 0.640597014925373
        },
        "EVE": {
            "correct": 13,
            "incorrect": 29,
            "partial": 0,
            "missed": 13,
            "spurious": 6,
            "possible": 55,
            "actual": 48,
            "precision": 0.2708333333333333,
            "recall": 0.23636363636363636,
            "f1": 0.2524271844660194
        },
        "GEP": {
            "correct": 43,
            "incorrect": 17,
            "partial": 0,
            "missed": 0,
            "spurious": 8,
            "possible": 60,
            "actual": 68,
            "precision": 0.6323529411764706,
            "recall": 0.7166666666666667,
            "f1": 0.671875
        },
        "LOC": {
            "correct": 44,
            "incorrect": 9,
            "partial": 0,
            "missed": 9,
            "spurious": 5,
            "possible": 62,
            "actual": 58,
            "precision": 0.7586206896551724,
            "recall": 0.7096774193548387,
            "f1": 0.7333333333333333
        },
        "MUU": {
            "correct": 0,
            "incorrect": 0,
            "partial": 0,
            "missed": 0,
            "spurious": 0,
            "possible": 0,
            "actual": 0,
            "precision": 0,
            "recall": 0,
            "f1": 0
        },
        "ORG": {
            "correct": 89,
            "incorrect": 71,
            "partial": 0,
            "missed": 13,
            "spurious": 17,
            "possible": 173,
            "actual": 177,
            "precision": 0.5028248587570622,
            "recall": 0.5144508670520231,
            "f1": 0.5085714285714286
        },
        "PER": {
            "correct": 752,
            "incorrect": 233,
            "partial": 0,
            "missed": 28,
            "spurious": 20,
            "possible": 1013,
            "actual": 1005,
            "precision": 0.7482587064676617,
            "recall": 0.7423494570582428,
            "f1": 0.7452923686818632
        },
        "PROD": {
            "correct": 132,
            "incorrect": 40,
            "partial": 0,
            "missed": 138,
            "spurious": 149,
            "possible": 310,
            "actual": 321,
            "precision": 0.411214953271028,
            "recall": 0.4258064516129032,
            "f1": 0.41838351822503955
        },
        "UNK": {
            "correct": 0,
            "incorrect": 0,
            "partial": 0,
            "missed": 0,
            "spurious": 0,
            "possible": 0,
            "actual": 0,
            "precision": 0,
            "recall": 0,
            "f1": 0
        }
    }
}
