{
    "model": "EstRoBERTa",
    "trained_on": "EDT",
    "epochs": 3,
    "evaluated_on": "EDT",
    "results": {
        "strict": {
            "correct": 3792,
            "incorrect": 827,
            "partial": 0,
            "missed": 232,
            "spurious": 206,
            "possible": 4851,
            "actual": 4825,
            "precision": 0.7859067357512953,
            "recall": 0.7816944959802102,
            "f1": 0.7837949565936337
        },
        "EVE": {
            "correct": 40,
            "incorrect": 20,
            "partial": 0,
            "missed": 35,
            "spurious": 8,
            "possible": 95,
            "actual": 68,
            "precision": 0.5882352941176471,
            "recall": 0.42105263157894735,
            "f1": 0.4907975460122699
        },
        "GEP": {
            "correct": 352,
            "incorrect": 101,
            "partial": 0,
            "missed": 16,
            "spurious": 8,
            "possible": 469,
            "actual": 461,
            "precision": 0.7635574837310195,
            "recall": 0.7505330490405118,
            "f1": 0.7569892473118279
        },
        "LOC": {
            "correct": 424,
            "incorrect": 180,
            "partial": 0,
            "missed": 21,
            "spurious": 24,
            "possible": 625,
            "actual": 628,
            "precision": 0.6751592356687898,
            "recall": 0.6784,
            "f1": 0.6767757382282522
        },
        "MUU": {
            "correct": 0,
            "incorrect": 8,
            "partial": 0,
            "missed": 0,
            "spurious": 0,
            "possible": 8,
            "actual": 8,
            "precision": 0.0,
            "recall": 0.0,
            "f1": 0
        },
        "ORG": {
            "correct": 565,
            "incorrect": 144,
            "partial": 0,
            "missed": 22,
            "spurious": 45,
            "possible": 731,
            "actual": 754,
            "precision": 0.7493368700265252,
            "recall": 0.7729138166894665,
            "f1": 0.7609427609427609
        },
        "PER": {
            "correct": 2125,
            "incorrect": 125,
            "partial": 0,
            "missed": 38,
            "spurious": 40,
            "possible": 2288,
            "actual": 2290,
            "precision": 0.9279475982532751,
            "recall": 0.9287587412587412,
            "f1": 0.9283529925731762
        },
        "PROD": {
            "correct": 286,
            "incorrect": 247,
            "partial": 0,
            "missed": 100,
            "spurious": 81,
            "possible": 633,
            "actual": 614,
            "precision": 0.46579804560260585,
            "recall": 0.4518167456556082,
            "f1": 0.45870088211708104
        },
        "UNK": {
            "correct": 0,
            "incorrect": 2,
            "partial": 0,
            "missed": 0,
            "spurious": 0,
            "possible": 2,
            "actual": 2,
            "precision": 0.0,
            "recall": 0.0,
            "f1": 0
        }
    }
}