{
    "model": "EstRoBERTa",
    "trained_on": "EDT",
    "epochs": 6,
    "evaluated_on": "EDT",
    "results": {
        "strict": {
            "correct": 3813,
            "incorrect": 789,
            "partial": 0,
            "missed": 249,
            "spurious": 167,
            "possible": 4851,
            "actual": 4769,
            "precision": 0.7995386873558398,
            "recall": 0.7860235003092146,
            "f1": 0.7927234927234927
        },
        "EVE": {
            "correct": 41,
            "incorrect": 19,
            "partial": 0,
            "missed": 35,
            "spurious": 7,
            "possible": 95,
            "actual": 67,
            "precision": 0.6119402985074627,
            "recall": 0.43157894736842106,
            "f1": 0.5061728395061729
        },
        "GEP": {
            "correct": 334,
            "incorrect": 122,
            "partial": 0,
            "missed": 13,
            "spurious": 7,
            "possible": 469,
            "actual": 463,
            "precision": 0.7213822894168467,
            "recall": 0.7121535181236673,
            "f1": 0.7167381974248928
        },
        "LOC": {
            "correct": 433,
            "incorrect": 165,
            "partial": 0,
            "missed": 27,
            "spurious": 22,
            "possible": 625,
            "actual": 620,
            "precision": 0.6983870967741935,
            "recall": 0.6928,
            "f1": 0.695582329317269
        },
        "MUU": {
            "correct": 0,
            "incorrect": 8,
            "partial": 0,
            "missed": 0,
            "spurious": 0,
            "possible": 8,
            "actual": 8,
            "precision": 0.0,
            "recall": 0.0,
            "f1": 0
        },
        "ORG": {
            "correct": 568,
            "incorrect": 143,
            "partial": 0,
            "missed": 20,
            "spurious": 30,
            "possible": 731,
            "actual": 741,
            "precision": 0.766531713900135,
            "recall": 0.7770177838577291,
            "f1": 0.7717391304347827
        },
        "PER": {
            "correct": 2105,
            "incorrect": 111,
            "partial": 0,
            "missed": 72,
            "spurious": 33,
            "possible": 2288,
            "actual": 2249,
            "precision": 0.9359715429079591,
            "recall": 0.9200174825174825,
            "f1": 0.9279259422525897
        },
        "PROD": {
            "correct": 332,
            "incorrect": 219,
            "partial": 0,
            "missed": 82,
            "spurious": 68,
            "possible": 633,
            "actual": 619,
            "precision": 0.5363489499192245,
            "recall": 0.5244865718799369,
            "f1": 0.5303514376996805
        },
        "UNK": {
            "correct": 0,
            "incorrect": 2,
            "partial": 0,
            "missed": 0,
            "spurious": 0,
            "possible": 2,
            "actual": 2,
            "precision": 0.0,
            "recall": 0.0,
            "f1": 0
        }
    }
}