{
    "model": "EstBERT",
    "trained_on": "Combined",
    "epochs": 6,
    "evaluated_on": "EWT",
    "results": {
        "strict": {
            "correct": 1237,
            "incorrect": 303,
            "partial": 0,
            "missed": 315,
            "spurious": 184,
            "possible": 1855,
            "actual": 1724,
            "precision": 0.7175174013921114,
            "recall": 0.6668463611859838,
            "f1": 0.6912545403744063
        },
        "EVE": {
            "correct": 32,
            "incorrect": 6,
            "partial": 0,
            "missed": 19,
            "spurious": 11,
            "possible": 57,
            "actual": 49,
            "precision": 0.6530612244897959,
            "recall": 0.5614035087719298,
            "f1": 0.6037735849056605
        },
        "GEP": {
            "correct": 42,
            "incorrect": 10,
            "partial": 0,
            "missed": 3,
            "spurious": 1,
            "possible": 55,
            "actual": 53,
            "precision": 0.7924528301886793,
            "recall": 0.7636363636363637,
            "f1": 0.7777777777777778
        },
        "LOC": {
            "correct": 28,
            "incorrect": 18,
            "partial": 0,
            "missed": 9,
            "spurious": 7,
            "possible": 55,
            "actual": 53,
            "precision": 0.5283018867924528,
            "recall": 0.509090909090909,
            "f1": 0.5185185185185185
        },
        "MUU": {
            "correct": 0,
            "incorrect": 0,
            "partial": 0,
            "missed": 0,
            "spurious": 1,
            "possible": 0,
            "actual": 1,
            "precision": 0.0,
            "recall": 0,
            "f1": 0
        },
        "ORG": {
            "correct": 120,
            "incorrect": 87,
            "partial": 0,
            "missed": 24,
            "spurious": 14,
            "possible": 231,
            "actual": 221,
            "precision": 0.5429864253393665,
            "recall": 0.5194805194805194,
            "f1": 0.5309734513274336
        },
        "PER": {
            "correct": 884,
            "incorrect": 152,
            "partial": 0,
            "missed": 59,
            "spurious": 44,
            "possible": 1095,
            "actual": 1080,
            "precision": 0.8185185185185185,
            "recall": 0.8073059360730593,
            "f1": 0.8128735632183909
        },
        "PROD": {
            "correct": 131,
            "incorrect": 30,
            "partial": 0,
            "missed": 201,
            "spurious": 103,
            "possible": 362,
            "actual": 264,
            "precision": 0.4962121212121212,
            "recall": 0.36187845303867405,
            "f1": 0.4185303514376997
        },
        "UNK": {
            "correct": 0,
            "incorrect": 0,
            "partial": 0,
            "missed": 0,
            "spurious": 3,
            "possible": 0,
            "actual": 3,
            "precision": 0.0,
            "recall": 0,
            "f1": 0
        }
    }
}