{
    "model": "EstBERT",
    "trained_on": "Combined",
    "evaluated_on": "EWT",
    "results": {
        "Strict": {
            "correct": 1266,
            "incorrect": 260,
            "partial": 0,
            "missed": 329,
            "spurious": 137,
            "possible": 1855,
            "actual": 1663,
            "precision": 0.7612748045700541,
            "recall": 0.6824797843665769,
            "f1": 0.7197271176805004
        },
        "EVE": {
            "correct": 32,
            "incorrect": 5,
            "partial": 0,
            "missed": 20,
            "spurious": 11,
            "possible": 57,
            "actual": 48,
            "precision": 0.6666666666666666,
            "recall": 0.5614035087719298,
            "f1": 0.6095238095238096
        },
        "GEP": {
            "correct": 40,
            "incorrect": 12,
            "partial": 0,
            "missed": 3,
            "spurious": 6,
            "possible": 55,
            "actual": 58,
            "precision": 0.6896551724137931,
            "recall": 0.7272727272727273,
            "f1": 0.7079646017699116
        },
        "LOC": {
            "correct": 36,
            "incorrect": 10,
            "partial": 0,
            "missed": 9,
            "spurious": 14,
            "possible": 55,
            "actual": 60,
            "precision": 0.6,
            "recall": 0.6545454545454545,
            "f1": 0.6260869565217392
        },
        "MUU": {
            "correct": 0,
            "incorrect": 0,
            "partial": 0,
            "missed": 0,
            "spurious": 0,
            "possible": 0,
            "actual": 0,
            "precision": 0,
            "recall": 0,
            "f1": 0
        },
        "ORG": {
            "correct": 123,
            "incorrect": 82,
            "partial": 0,
            "missed": 26,
            "spurious": 11,
            "possible": 231,
            "actual": 216,
            "precision": 0.5694444444444444,
            "recall": 0.5324675324675324,
            "f1": 0.5503355704697985
        },
        "PER": {
            "correct": 909,
            "incorrect": 130,
            "partial": 0,
            "missed": 56,
            "spurious": 29,
            "possible": 1095,
            "actual": 1068,
            "precision": 0.851123595505618,
            "recall": 0.8301369863013699,
            "f1": 0.840499306518724
        },
        "PROD": {
            "correct": 126,
            "incorrect": 21,
            "partial": 0,
            "missed": 215,
            "spurious": 66,
            "possible": 362,
            "actual": 213,
            "precision": 0.5915492957746479,
            "recall": 0.34806629834254144,
            "f1": 0.43826086956521737
        },
        "UNK": {
            "correct": 0,
            "incorrect": 0,
            "partial": 0,
            "missed": 0,
            "spurious": 0,
            "possible": 0,
            "actual": 0,
            "precision": 0,
            "recall": 0,
            "f1": 0
        }
    }
}