{
    "model": "EstBERT",
    "trained_on": "Combined",
    "epochs": 3,
    "evaluated_on": "Combined",
    "results": {
        "strict": {
            "correct": 4903,
            "incorrect": 977,
            "partial": 0,
            "missed": 538,
            "spurious": 459,
            "possible": 6418,
            "actual": 6339,
            "precision": 0.7734658463480044,
            "recall": 0.7639451542536616,
            "f1": 0.768676021008074
        },
        "EVE": {
            "correct": 66,
            "incorrect": 27,
            "partial": 0,
            "missed": 48,
            "spurious": 23,
            "possible": 141,
            "actual": 116,
            "precision": 0.5689655172413793,
            "recall": 0.46808510638297873,
            "f1": 0.5136186770428015
        },
        "GEP": {
            "correct": 338,
            "incorrect": 97,
            "partial": 0,
            "missed": 4,
            "spurious": 17,
            "possible": 439,
            "actual": 452,
            "precision": 0.7477876106194691,
            "recall": 0.7699316628701595,
            "f1": 0.7586980920314255
        },
        "LOC": {
            "correct": 351,
            "incorrect": 123,
            "partial": 0,
            "missed": 22,
            "spurious": 23,
            "possible": 496,
            "actual": 497,
            "precision": 0.7062374245472837,
            "recall": 0.7076612903225806,
            "f1": 0.7069486404833836
        },
        "MUU": {
            "correct": 0,
            "incorrect": 5,
            "partial": 0,
            "missed": 1,
            "spurious": 0,
            "possible": 6,
            "actual": 5,
            "precision": 0.0,
            "recall": 0.0,
            "f1": 0
        },
        "ORG": {
            "correct": 670,
            "incorrect": 242,
            "partial": 0,
            "missed": 48,
            "spurious": 97,
            "possible": 960,
            "actual": 1009,
            "precision": 0.66402378592666,
            "recall": 0.6979166666666666,
            "f1": 0.6805485017775521
        },
        "PER": {
            "correct": 3027,
            "incorrect": 284,
            "partial": 0,
            "missed": 111,
            "spurious": 103,
            "possible": 3422,
            "actual": 3414,
            "precision": 0.8866432337434095,
            "recall": 0.8845704266510812,
            "f1": 0.8856056173200703
        },
        "PROD": {
            "correct": 451,
            "incorrect": 197,
            "partial": 0,
            "missed": 304,
            "spurious": 196,
            "possible": 952,
            "actual": 844,
            "precision": 0.5343601895734598,
            "recall": 0.4737394957983193,
            "f1": 0.502227171492205
        },
        "UNK": {
            "correct": 0,
            "incorrect": 2,
            "partial": 0,
            "missed": 0,
            "spurious": 0,
            "possible": 2,
            "actual": 2,
            "precision": 0.0,
            "recall": 0.0,
            "f1": 0
        }
    }
}