{
    "model": "EstBERT_Combined",
    "trained_on": "combined",
    "epochs": 3,
    "evaluated_on": "edt",
    "results": {
        "strict": {
            "correct": 1947,
            "incorrect": 402,
            "partial": 0,
            "missed": 77,
            "spurious": 93,
            "possible": 2426,
            "actual": 2442,
            "precision": 0.7972972972972973,
            "recall": 0.8025556471558121,
            "f1": 0.7999178307313064
        },
        "GEP": {
            "correct": 240,
            "incorrect": 61,
            "partial": 0,
            "missed": 0,
            "spurious": 8,
            "possible": 301,
            "actual": 309,
            "precision": 0.7766990291262136,
            "recall": 0.7973421926910299,
            "f1": 0.7868852459016393
        },
        "LOC": {
            "correct": 198,
            "incorrect": 86,
            "partial": 0,
            "missed": 9,
            "spurious": 4,
            "possible": 293,
            "actual": 288,
            "precision": 0.6875,
            "recall": 0.6757679180887372,
            "f1": 0.6815834767641996
        },
        "MUU": {
            "correct": 0,
            "incorrect": 2,
            "partial": 0,
            "missed": 0,
            "spurious": 0,
            "possible": 2,
            "actual": 2,
            "precision": 0.0,
            "recall": 0.0,
            "f1": 0
        },
        "PROD": {
            "correct": 167,
            "incorrect": 114,
            "partial": 0,
            "missed": 28,
            "spurious": 31,
            "possible": 309,
            "actual": 312,
            "precision": 0.5352564102564102,
            "recall": 0.540453074433657,
            "f1": 0.5378421900161031
        },
        "UNK": {
            "correct": 0,
            "incorrect": 1,
            "partial": 0,
            "missed": 0,
            "spurious": 0,
            "possible": 1,
            "actual": 1,
            "precision": 0.0,
            "recall": 0.0,
            "f1": 0
        },
        "ORG": {
            "correct": 277,
            "incorrect": 74,
            "partial": 0,
            "missed": 14,
            "spurious": 23,
            "possible": 365,
            "actual": 374,
            "precision": 0.7406417112299465,
            "recall": 0.7589041095890411,
            "f1": 0.7496617050067659
        },
        "EVE": {
            "correct": 17,
            "incorrect": 15,
            "partial": 0,
            "missed": 6,
            "spurious": 3,
            "possible": 38,
            "actual": 35,
            "precision": 0.4857142857142857,
            "recall": 0.4473684210526316,
            "f1": 0.4657534246575342
        },
        "PER": {
            "correct": 1048,
            "incorrect": 49,
            "partial": 0,
            "missed": 20,
            "spurious": 24,
            "possible": 1117,
            "actual": 1121,
            "precision": 0.9348795718108831,
            "recall": 0.9382273948075202,
            "f1": 0.936550491510277
        }
    }
}