{
    "model": "EstBERT",
    "trained_on": "Combined",
    "epochs": 6,
    "evaluated_on": "Combined",
    "results": {
        "strict": {
            "correct": 4854,
            "incorrect": 1038,
            "partial": 0,
            "missed": 526,
            "spurious": 485,
            "possible": 6418,
            "actual": 6377,
            "precision": 0.7611729653442058,
            "recall": 0.7563103770645061,
            "f1": 0.7587338804220398
        },
        "EVE": {
            "correct": 60,
            "incorrect": 30,
            "partial": 0,
            "missed": 51,
            "spurious": 21,
            "possible": 141,
            "actual": 111,
            "precision": 0.5405405405405406,
            "recall": 0.425531914893617,
            "f1": 0.4761904761904763
        },
        "GEP": {
            "correct": 326,
            "incorrect": 102,
            "partial": 0,
            "missed": 11,
            "spurious": 18,
            "possible": 439,
            "actual": 446,
            "precision": 0.7309417040358744,
            "recall": 0.7425968109339408,
            "f1": 0.736723163841808
        },
        "LOC": {
            "correct": 341,
            "incorrect": 135,
            "partial": 0,
            "missed": 20,
            "spurious": 17,
            "possible": 496,
            "actual": 493,
            "precision": 0.691683569979716,
            "recall": 0.6875,
            "f1": 0.6895854398382204
        },
        "MUU": {
            "correct": 0,
            "incorrect": 4,
            "partial": 0,
            "missed": 2,
            "spurious": 5,
            "possible": 6,
            "actual": 9,
            "precision": 0.0,
            "recall": 0.0,
            "f1": 0
        },
        "ORG": {
            "correct": 681,
            "incorrect": 235,
            "partial": 0,
            "missed": 44,
            "spurious": 93,
            "possible": 960,
            "actual": 1009,
            "precision": 0.6749256689791873,
            "recall": 0.709375,
            "f1": 0.691721686135094
        },
        "PER": {
            "correct": 2980,
            "incorrect": 323,
            "partial": 0,
            "missed": 119,
            "spurious": 102,
            "possible": 3422,
            "actual": 3405,
            "precision": 0.8751835535976505,
            "recall": 0.8708357685563998,
            "f1": 0.873004247839461
        },
        "PROD": {
            "correct": 466,
            "incorrect": 207,
            "partial": 0,
            "missed": 279,
            "spurious": 226,
            "possible": 952,
            "actual": 899,
            "precision": 0.5183537263626251,
            "recall": 0.4894957983193277,
            "f1": 0.5035116153430579
        },
        "UNK": {
            "correct": 0,
            "incorrect": 2,
            "partial": 0,
            "missed": 0,
            "spurious": 3,
            "possible": 2,
            "actual": 5,
            "precision": 0.0,
            "recall": 0.0,
            "f1": 0
        }
    }
}