{
    "model": "EstBERT",
    "trained_on": "Combined",
    "epochs": 3,
    "evaluated_on": "Combined",
    "results": {
        "strict": {
            "correct": 4887,
            "incorrect": 986,
            "partial": 0,
            "missed": 545,
            "spurious": 416,
            "possible": 6418,
            "actual": 6289,
            "precision": 0.7770710764827476,
            "recall": 0.7614521657837332,
            "f1": 0.769182340442276
        },
        "EVE": {
            "correct": 61,
            "incorrect": 29,
            "partial": 0,
            "missed": 51,
            "spurious": 20,
            "possible": 141,
            "actual": 110,
            "precision": 0.5545454545454546,
            "recall": 0.4326241134751773,
            "f1": 0.48605577689243035
        },
        "GEP": {
            "correct": 338,
            "incorrect": 84,
            "partial": 0,
            "missed": 17,
            "spurious": 16,
            "possible": 439,
            "actual": 438,
            "precision": 0.771689497716895,
            "recall": 0.7699316628701595,
            "f1": 0.7708095781071835
        },
        "LOC": {
            "correct": 347,
            "incorrect": 124,
            "partial": 0,
            "missed": 25,
            "spurious": 20,
            "possible": 496,
            "actual": 491,
            "precision": 0.7067209775967414,
            "recall": 0.6995967741935484,
            "f1": 0.7031408308004052
        },
        "MUU": {
            "correct": 0,
            "incorrect": 5,
            "partial": 0,
            "missed": 1,
            "spurious": 0,
            "possible": 6,
            "actual": 5,
            "precision": 0.0,
            "recall": 0.0,
            "f1": 0
        },
        "ORG": {
            "correct": 710,
            "incorrect": 201,
            "partial": 0,
            "missed": 49,
            "spurious": 76,
            "possible": 960,
            "actual": 987,
            "precision": 0.7193515704154002,
            "recall": 0.7395833333333334,
            "f1": 0.7293271700051361
        },
        "PER": {
            "correct": 3006,
            "incorrect": 300,
            "partial": 0,
            "missed": 116,
            "spurious": 90,
            "possible": 3422,
            "actual": 3396,
            "precision": 0.8851590106007067,
            "recall": 0.8784336645236703,
            "f1": 0.881783514227046
        },
        "PROD": {
            "correct": 425,
            "incorrect": 241,
            "partial": 0,
            "missed": 286,
            "spurious": 194,
            "possible": 952,
            "actual": 860,
            "precision": 0.4941860465116279,
            "recall": 0.44642857142857145,
            "f1": 0.4690949227373069
        },
        "UNK": {
            "correct": 0,
            "incorrect": 2,
            "partial": 0,
            "missed": 0,
            "spurious": 0,
            "possible": 2,
            "actual": 2,
            "precision": 0.0,
            "recall": 0.0,
            "f1": 0
        }
    }
}