{
    "model": "EstBERT",
    "trained_on": "Combined",
    "epochs": 6,
    "evaluated_on": "Combined",
    "results": {
        "strict": {
            "correct": 4884,
            "incorrect": 977,
            "partial": 0,
            "missed": 557,
            "spurious": 432,
            "possible": 6418,
            "actual": 6293,
            "precision": 0.7761004290481487,
            "recall": 0.7609847304456216,
            "f1": 0.7684682558413972
        },
        "EVE": {
            "correct": 62,
            "incorrect": 32,
            "partial": 0,
            "missed": 47,
            "spurious": 24,
            "possible": 141,
            "actual": 118,
            "precision": 0.5254237288135594,
            "recall": 0.4397163120567376,
            "f1": 0.47876447876447875
        },
        "GEP": {
            "correct": 296,
            "incorrect": 132,
            "partial": 0,
            "missed": 11,
            "spurious": 14,
            "possible": 439,
            "actual": 442,
            "precision": 0.669683257918552,
            "recall": 0.6742596810933941,
            "f1": 0.6719636776390464
        },
        "LOC": {
            "correct": 350,
            "incorrect": 123,
            "partial": 0,
            "missed": 23,
            "spurious": 34,
            "possible": 496,
            "actual": 507,
            "precision": 0.6903353057199211,
            "recall": 0.7056451612903226,
            "f1": 0.6979062811565305
        },
        "MUU": {
            "correct": 0,
            "incorrect": 4,
            "partial": 0,
            "missed": 2,
            "spurious": 5,
            "possible": 6,
            "actual": 9,
            "precision": 0.0,
            "recall": 0.0,
            "f1": 0
        },
        "ORG": {
            "correct": 660,
            "incorrect": 246,
            "partial": 0,
            "missed": 54,
            "spurious": 64,
            "possible": 960,
            "actual": 970,
            "precision": 0.6804123711340206,
            "recall": 0.6875,
            "f1": 0.6839378238341969
        },
        "PER": {
            "correct": 3054,
            "incorrect": 243,
            "partial": 0,
            "missed": 125,
            "spurious": 97,
            "possible": 3422,
            "actual": 3394,
            "precision": 0.8998232174425457,
            "recall": 0.8924605493863238,
            "f1": 0.8961267605633803
        },
        "PROD": {
            "correct": 462,
            "incorrect": 195,
            "partial": 0,
            "missed": 295,
            "spurious": 187,
            "possible": 952,
            "actual": 844,
            "precision": 0.54739336492891,
            "recall": 0.4852941176470588,
            "f1": 0.5144766146993318
        },
        "UNK": {
            "correct": 0,
            "incorrect": 2,
            "partial": 0,
            "missed": 0,
            "spurious": 7,
            "possible": 2,
            "actual": 9,
            "precision": 0.0,
            "recall": 0.0,
            "f1": 0
        }
    }
}