{
    "model": "EstBERT",
    "trained_on": "Combined",
    "epochs": 3,
    "evaluated_on": "EWT",
    "results": {
        "strict": {
            "correct": 1244,
            "incorrect": 277,
            "partial": 0,
            "missed": 334,
            "spurious": 149,
            "possible": 1855,
            "actual": 1670,
            "precision": 0.7449101796407186,
            "recall": 0.6706199460916442,
            "f1": 0.7058156028368795
        },
        "EVE": {
            "correct": 26,
            "incorrect": 12,
            "partial": 0,
            "missed": 19,
            "spurious": 8,
            "possible": 57,
            "actual": 46,
            "precision": 0.5652173913043478,
            "recall": 0.45614035087719296,
            "f1": 0.5048543689320387
        },
        "GEP": {
            "correct": 41,
            "incorrect": 10,
            "partial": 0,
            "missed": 4,
            "spurious": 4,
            "possible": 55,
            "actual": 55,
            "precision": 0.7454545454545455,
            "recall": 0.7454545454545455,
            "f1": 0.7454545454545455
        },
        "LOC": {
            "correct": 30,
            "incorrect": 16,
            "partial": 0,
            "missed": 9,
            "spurious": 12,
            "possible": 55,
            "actual": 58,
            "precision": 0.5172413793103449,
            "recall": 0.5454545454545454,
            "f1": 0.5309734513274337
        },
        "MUU": {
            "correct": 0,
            "incorrect": 0,
            "partial": 0,
            "missed": 0,
            "spurious": 0,
            "possible": 0,
            "actual": 0,
            "precision": 0,
            "recall": 0,
            "f1": 0
        },
        "ORG": {
            "correct": 138,
            "incorrect": 67,
            "partial": 0,
            "missed": 26,
            "spurious": 23,
            "possible": 231,
            "actual": 228,
            "precision": 0.6052631578947368,
            "recall": 0.5974025974025974,
            "f1": 0.6013071895424836
        },
        "PER": {
            "correct": 898,
            "incorrect": 138,
            "partial": 0,
            "missed": 59,
            "spurious": 28,
            "possible": 1095,
            "actual": 1064,
            "precision": 0.8439849624060151,
            "recall": 0.8200913242009132,
            "f1": 0.8318666049096805
        },
        "PROD": {
            "correct": 111,
            "incorrect": 34,
            "partial": 0,
            "missed": 217,
            "spurious": 74,
            "possible": 362,
            "actual": 219,
            "precision": 0.5068493150684932,
            "recall": 0.30662983425414364,
            "f1": 0.38209982788296043
        },
        "UNK": {
            "correct": 0,
            "incorrect": 0,
            "partial": 0,
            "missed": 0,
            "spurious": 0,
            "possible": 0,
            "actual": 0,
            "precision": 0,
            "recall": 0,
            "f1": 0
        }
    }
}