{
    "model": "EstBERT",
    "trained_on": "Combined",
    "epochs": 3,
    "evaluated_on": "EstNER_v1",
    "results": {
        "strict": {
            "correct": 2429,
            "incorrect": 621,
            "partial": 0,
            "missed": 326,
            "spurious": 409,
            "possible": 3376,
            "actual": 3459,
            "precision": 0.7022260769008384,
            "recall": 0.7194905213270142,
            "f1": 0.7107534747622531
        },
        "EVE": {
            "correct": 21,
            "incorrect": 9,
            "partial": 0,
            "missed": 13,
            "spurious": 11,
            "possible": 43,
            "actual": 41,
            "precision": 0.5121951219512195,
            "recall": 0.4883720930232558,
            "f1": 0.5
        },
        "GEP": {
            "correct": 403,
            "incorrect": 238,
            "partial": 0,
            "missed": 6,
            "spurious": 84,
            "possible": 647,
            "actual": 725,
            "precision": 0.5558620689655173,
            "recall": 0.6228748068006182,
            "f1": 0.587463556851312
        },
        "LOC": {
            "correct": 76,
            "incorrect": 24,
            "partial": 0,
            "missed": 0,
            "spurious": 26,
            "possible": 100,
            "actual": 126,
            "precision": 0.6031746031746031,
            "recall": 0.76,
            "f1": 0.672566371681416
        },
        "MUU": {
            "correct": 0,
            "incorrect": 0,
            "partial": 0,
            "missed": 0,
            "spurious": 0,
            "possible": 0,
            "actual": 0,
            "precision": 0,
            "recall": 0,
            "f1": 0
        },
        "ORG": {
            "correct": 533,
            "incorrect": 219,
            "partial": 0,
            "missed": 240,
            "spurious": 107,
            "possible": 992,
            "actual": 859,
            "precision": 0.6204889406286379,
            "recall": 0.5372983870967742,
            "f1": 0.5759049162614803
        },
        "PER": {
            "correct": 1362,
            "incorrect": 61,
            "partial": 0,
            "missed": 36,
            "spurious": 125,
            "possible": 1459,
            "actual": 1548,
            "precision": 0.8798449612403101,
            "recall": 0.9335161069225497,
            "f1": 0.9058862653807782
        },
        "PROD": {
            "correct": 34,
            "incorrect": 70,
            "partial": 0,
            "missed": 31,
            "spurious": 56,
            "possible": 135,
            "actual": 160,
            "precision": 0.2125,
            "recall": 0.2518518518518518,
            "f1": 0.2305084745762712
        },
        "UNK": {
            "correct": 0,
            "incorrect": 0,
            "partial": 0,
            "missed": 0,
            "spurious": 0,
            "possible": 0,
            "actual": 0,
            "precision": 0,
            "recall": 0,
            "f1": 0
        }
    }
}