{
    "model": "EstBERT",
    "trained_on": "Combined",
    "evaluated_on": "Combined",
    "results": {
        "Strict": {
            "correct": 4897,
            "incorrect": 954,
            "partial": 0,
            "missed": 567,
            "spurious": 436,
            "possible": 6418,
            "actual": 6287,
            "precision": 0.7789088595514554,
            "recall": 0.7630102835774385,
            "f1": 0.7708776072412437
        },
        "EVE": {
            "correct": 64,
            "incorrect": 23,
            "partial": 0,
            "missed": 54,
            "spurious": 20,
            "possible": 141,
            "actual": 107,
            "precision": 0.5981308411214953,
            "recall": 0.45390070921985815,
            "f1": 0.5161290322580645
        },
        "GEP": {
            "correct": 329,
            "incorrect": 99,
            "partial": 0,
            "missed": 11,
            "spurious": 18,
            "possible": 439,
            "actual": 446,
            "precision": 0.7376681614349776,
            "recall": 0.7494305239179955,
            "f1": 0.7435028248587571
        },
        "LOC": {
            "correct": 361,
            "incorrect": 115,
            "partial": 0,
            "missed": 20,
            "spurious": 26,
            "possible": 496,
            "actual": 502,
            "precision": 0.7191235059760956,
            "recall": 0.7278225806451613,
            "f1": 0.7234468937875752
        },
        "MUU": {
            "correct": 0,
            "incorrect": 5,
            "partial": 0,
            "missed": 1,
            "spurious": 0,
            "possible": 6,
            "actual": 5,
            "precision": 0.0,
            "recall": 0.0,
            "f1": 0
        },
        "ORG": {
            "correct": 662,
            "incorrect": 234,
            "partial": 0,
            "missed": 64,
            "spurious": 70,
            "possible": 960,
            "actual": 966,
            "precision": 0.6853002070393375,
            "recall": 0.6895833333333333,
            "f1": 0.687435098650052
        },
        "PER": {
            "correct": 3030,
            "incorrect": 275,
            "partial": 0,
            "missed": 117,
            "spurious": 107,
            "possible": 3422,
            "actual": 3412,
            "precision": 0.888042203985932,
            "recall": 0.8854471069549971,
            "f1": 0.8867427568042143
        },
        "PROD": {
            "correct": 451,
            "incorrect": 201,
            "partial": 0,
            "missed": 300,
            "spurious": 195,
            "possible": 952,
            "actual": 847,
            "precision": 0.5324675324675324,
            "recall": 0.4737394957983193,
            "f1": 0.5013896609227348
        },
        "UNK": {
            "correct": 0,
            "incorrect": 2,
            "partial": 0,
            "missed": 0,
            "spurious": 0,
            "possible": 2,
            "actual": 2,
            "precision": 0.0,
            "recall": 0.0,
            "f1": 0
        }
    }
}