{
    "model": "EstBERT",
    "trained_on": "Combined",
    "epochs": 3,
    "evaluated_on": "EstNER_new",
    "results": {
        "strict": {
            "correct": 954,
            "incorrect": 394,
            "partial": 0,
            "missed": 377,
            "spurious": 120,
            "possible": 1725,
            "actual": 1468,
            "precision": 0.6498637602179836,
            "recall": 0.5530434782608695,
            "f1": 0.597557156279361
        },
        "EVE": {
            "correct": 7,
            "incorrect": 9,
            "partial": 0,
            "missed": 30,
            "spurious": 4,
            "possible": 46,
            "actual": 20,
            "precision": 0.35,
            "recall": 0.15217391304347827,
            "f1": 0.21212121212121213
        },
        "GEP": {
            "correct": 172,
            "incorrect": 152,
            "partial": 0,
            "missed": 23,
            "spurious": 5,
            "possible": 347,
            "actual": 329,
            "precision": 0.5227963525835866,
            "recall": 0.4956772334293948,
            "f1": 0.5088757396449703
        },
        "LOC": {
            "correct": 43,
            "incorrect": 26,
            "partial": 0,
            "missed": 1,
            "spurious": 10,
            "possible": 70,
            "actual": 79,
            "precision": 0.5443037974683544,
            "recall": 0.6142857142857143,
            "f1": 0.5771812080536913
        },
        "MUU": {
            "correct": 0,
            "incorrect": 0,
            "partial": 0,
            "missed": 0,
            "spurious": 0,
            "possible": 0,
            "actual": 0,
            "precision": 0,
            "recall": 0,
            "f1": 0
        },
        "ORG": {
            "correct": 217,
            "incorrect": 98,
            "partial": 0,
            "missed": 46,
            "spurious": 37,
            "possible": 361,
            "actual": 352,
            "precision": 0.6164772727272727,
            "recall": 0.6011080332409973,
            "f1": 0.6086956521739131
        },
        "PER": {
            "correct": 413,
            "incorrect": 55,
            "partial": 0,
            "missed": 16,
            "spurious": 28,
            "possible": 484,
            "actual": 496,
            "precision": 0.8326612903225806,
            "recall": 0.8533057851239669,
            "f1": 0.8428571428571429
        },
        "PROD": {
            "correct": 102,
            "incorrect": 54,
            "partial": 0,
            "missed": 261,
            "spurious": 36,
            "possible": 417,
            "actual": 192,
            "precision": 0.53125,
            "recall": 0.2446043165467626,
            "f1": 0.33497536945812806
        },
        "UNK": {
            "correct": 0,
            "incorrect": 0,
            "partial": 0,
            "missed": 0,
            "spurious": 0,
            "possible": 0,
            "actual": 0,
            "precision": 0,
            "recall": 0,
            "f1": 0
        }
    }
}