{
    "model": "EstBERT",
    "trained_on": "Combined",
    "evaluated_on": "EDT",
    "results": {
        "Strict": {
            "correct": 3631,
            "incorrect": 694,
            "partial": 0,
            "missed": 238,
            "spurious": 299,
            "possible": 4563,
            "actual": 4624,
            "precision": 0.7852508650519031,
            "recall": 0.7957484111330265,
            "f1": 0.7904647871993034
        },
        "EVE": {
            "correct": 32,
            "incorrect": 18,
            "partial": 0,
            "missed": 34,
            "spurious": 9,
            "possible": 84,
            "actual": 59,
            "precision": 0.5423728813559322,
            "recall": 0.38095238095238093,
            "f1": 0.44755244755244755
        },
        "GEP": {
            "correct": 289,
            "incorrect": 87,
            "partial": 0,
            "missed": 8,
            "spurious": 12,
            "possible": 384,
            "actual": 388,
            "precision": 0.7448453608247423,
            "recall": 0.7526041666666666,
            "f1": 0.7487046632124352
        },
        "LOC": {
            "correct": 325,
            "incorrect": 105,
            "partial": 0,
            "missed": 11,
            "spurious": 12,
            "possible": 441,
            "actual": 442,
            "precision": 0.7352941176470589,
            "recall": 0.7369614512471655,
            "f1": 0.736126840317101
        },
        "MUU": {
            "correct": 0,
            "incorrect": 5,
            "partial": 0,
            "missed": 1,
            "spurious": 0,
            "possible": 6,
            "actual": 5,
            "precision": 0.0,
            "recall": 0.0,
            "f1": 0
        },
        "ORG": {
            "correct": 539,
            "incorrect": 152,
            "partial": 0,
            "missed": 38,
            "spurious": 59,
            "possible": 729,
            "actual": 750,
            "precision": 0.7186666666666667,
            "recall": 0.7393689986282579,
            "f1": 0.7288708586883029
        },
        "PER": {
            "correct": 2121,
            "incorrect": 145,
            "partial": 0,
            "missed": 61,
            "spurious": 78,
            "possible": 2327,
            "actual": 2344,
            "precision": 0.9048634812286689,
            "recall": 0.9114740008594757,
            "f1": 0.9081567116249197
        },
        "PROD": {
            "correct": 325,
            "incorrect": 180,
            "partial": 0,
            "missed": 85,
            "spurious": 129,
            "possible": 590,
            "actual": 634,
            "precision": 0.5126182965299685,
            "recall": 0.5508474576271186,
            "f1": 0.5310457516339869
        },
        "UNK": {
            "correct": 0,
            "incorrect": 2,
            "partial": 0,
            "missed": 0,
            "spurious": 0,
            "possible": 2,
            "actual": 2,
            "precision": 0.0,
            "recall": 0.0,
            "f1": 0
        }
    }
}