{
    "model": "est-roberta",
    "trained_on": "Combined",
    "epochs": 6,
    "evaluated_on": "EWT",
    "results": {
        "strict": {
            "correct": 1424,
            "incorrect": 254,
            "partial": 0,
            "missed": 190,
            "spurious": 123,
            "possible": 1868,
            "actual": 1801,
            "precision": 0.7906718489727929,
            "recall": 0.7623126338329764,
            "f1": 0.7762333060779504
        },
        "EVE": {
            "correct": 44,
            "incorrect": 1,
            "partial": 0,
            "missed": 9,
            "spurious": 2,
            "possible": 54,
            "actual": 47,
            "precision": 0.9361702127659575,
            "recall": 0.8148148148148148,
            "f1": 0.8712871287128713
        },
        "GEP": {
            "correct": 41,
            "incorrect": 8,
            "partial": 0,
            "missed": 8,
            "spurious": 0,
            "possible": 57,
            "actual": 49,
            "precision": 0.8367346938775511,
            "recall": 0.7192982456140351,
            "f1": 0.7735849056603773
        },
        "LOC": {
            "correct": 34,
            "incorrect": 19,
            "partial": 0,
            "missed": 7,
            "spurious": 6,
            "possible": 60,
            "actual": 59,
            "precision": 0.576271186440678,
            "recall": 0.5666666666666667,
            "f1": 0.5714285714285714
        },
        "MUU": {
            "correct": 0,
            "incorrect": 0,
            "partial": 0,
            "missed": 0,
            "spurious": 0,
            "possible": 0,
            "actual": 0,
            "precision": 0,
            "recall": 0,
            "f1": 0
        },
        "ORG": {
            "correct": 75,
            "incorrect": 84,
            "partial": 0,
            "missed": 37,
            "spurious": 0,
            "possible": 196,
            "actual": 159,
            "precision": 0.4716981132075472,
            "recall": 0.3826530612244898,
            "f1": 0.4225352112676056
        },
        "PER": {
            "correct": 1019,
            "incorrect": 121,
            "partial": 0,
            "missed": 16,
            "spurious": 21,
            "possible": 1156,
            "actual": 1161,
            "precision": 0.8776916451335056,
            "recall": 0.8814878892733564,
            "f1": 0.8795856711264567
        },
        "PROD": {
            "correct": 211,
            "incorrect": 21,
            "partial": 0,
            "missed": 113,
            "spurious": 94,
            "possible": 345,
            "actual": 326,
            "precision": 0.647239263803681,
            "recall": 0.6115942028985507,
            "f1": 0.6289120715350225
        },
        "UNK": {
            "correct": 0,
            "incorrect": 0,
            "partial": 0,
            "missed": 0,
            "spurious": 0,
            "possible": 0,
            "actual": 0,
            "precision": 0,
            "recall": 0,
            "f1": 0
        }
    }
}