{
    "model": "est-roberta",
    "trained_on": "Combined",
    "epochs": 6,
    "evaluated_on": "EDT",
    "results": {
        "strict": {
            "correct": 3799,
            "incorrect": 635,
            "partial": 0,
            "missed": 163,
            "spurious": 193,
            "possible": 4597,
            "actual": 4627,
            "precision": 0.8210503566025502,
            "recall": 0.8264085273004134,
            "f1": 0.8237207285342585
        },
        "EVE": {
            "correct": 34,
            "incorrect": 16,
            "partial": 0,
            "missed": 29,
            "spurious": 10,
            "possible": 79,
            "actual": 60,
            "precision": 0.5666666666666667,
            "recall": 0.43037974683544306,
            "f1": 0.4892086330935252
        },
        "GEP": {
            "correct": 268,
            "incorrect": 79,
            "partial": 0,
            "missed": 10,
            "spurious": 9,
            "possible": 357,
            "actual": 356,
            "precision": 0.7528089887640449,
            "recall": 0.7507002801120448,
            "f1": 0.7517531556802244
        },
        "LOC": {
            "correct": 375,
            "incorrect": 120,
            "partial": 0,
            "missed": 10,
            "spurious": 14,
            "possible": 505,
            "actual": 509,
            "precision": 0.7367387033398821,
            "recall": 0.7425742574257426,
            "f1": 0.7396449704142013
        },
        "MUU": {
            "correct": 0,
            "incorrect": 4,
            "partial": 0,
            "missed": 2,
            "spurious": 0,
            "possible": 6,
            "actual": 4,
            "precision": 0.0,
            "recall": 0.0,
            "f1": 0
        },
        "ORG": {
            "correct": 469,
            "incorrect": 143,
            "partial": 0,
            "missed": 19,
            "spurious": 25,
            "possible": 631,
            "actual": 637,
            "precision": 0.7362637362637363,
            "recall": 0.7432646592709984,
            "f1": 0.7397476340694006
        },
        "PER": {
            "correct": 2283,
            "incorrect": 95,
            "partial": 0,
            "missed": 42,
            "spurious": 26,
            "possible": 2420,
            "actual": 2404,
            "precision": 0.949667221297837,
            "recall": 0.9433884297520662,
            "f1": 0.9465174129353233
        },
        "PROD": {
            "correct": 370,
            "incorrect": 177,
            "partial": 0,
            "missed": 51,
            "spurious": 106,
            "possible": 598,
            "actual": 653,
            "precision": 0.5666156202143952,
            "recall": 0.6187290969899666,
            "f1": 0.5915267785771383
        },
        "UNK": {
            "correct": 0,
            "incorrect": 1,
            "partial": 0,
            "missed": 0,
            "spurious": 3,
            "possible": 1,
            "actual": 4,
            "precision": 0.0,
            "recall": 0.0,
            "f1": 0
        }
    }
}