{
    "model": "est-roberta",
    "trained_on": "Combined",
    "epochs": null,
    "evaluated_on": "EstNER_new",
    "results": {
        "strict": {
            "correct": 1058,
            "incorrect": 365,
            "partial": 0,
            "missed": 301,
            "spurious": 74,
            "possible": 1724,
            "actual": 1497,
            "precision": 0.706746826987308,
            "recall": 0.6136890951276102,
            "f1": 0.6569388388699162
        },
        "EVE": {
            "correct": 14,
            "incorrect": 10,
            "partial": 0,
            "missed": 31,
            "spurious": 5,
            "possible": 55,
            "actual": 29,
            "precision": 0.4827586206896552,
            "recall": 0.2545454545454545,
            "f1": 0.33333333333333337
        },
        "GEP": {
            "correct": 185,
            "incorrect": 175,
            "partial": 0,
            "missed": 4,
            "spurious": 2,
            "possible": 364,
            "actual": 362,
            "precision": 0.511049723756906,
            "recall": 0.5082417582417582,
            "f1": 0.509641873278237
        },
        "LOC": {
            "correct": 48,
            "incorrect": 30,
            "partial": 0,
            "missed": 4,
            "spurious": 4,
            "possible": 82,
            "actual": 82,
            "precision": 0.5853658536585366,
            "recall": 0.5853658536585366,
            "f1": 0.5853658536585366
        },
        "MUU": {
            "correct": 0,
            "incorrect": 0,
            "partial": 0,
            "missed": 0,
            "spurious": 0,
            "possible": 0,
            "actual": 0,
            "precision": 0,
            "recall": 0,
            "f1": 0
        },
        "ORG": {
            "correct": 200,
            "incorrect": 80,
            "partial": 0,
            "missed": 43,
            "spurious": 11,
            "possible": 323,
            "actual": 291,
            "precision": 0.6872852233676976,
            "recall": 0.6191950464396285,
            "f1": 0.6514657980456026
        },
        "PER": {
            "correct": 498,
            "incorrect": 18,
            "partial": 0,
            "missed": 0,
            "spurious": 25,
            "possible": 516,
            "actual": 541,
            "precision": 0.9205175600739371,
            "recall": 0.9651162790697675,
            "f1": 0.9422894985808894
        },
        "PROD": {
            "correct": 113,
            "incorrect": 52,
            "partial": 0,
            "missed": 219,
            "spurious": 27,
            "possible": 384,
            "actual": 192,
            "precision": 0.5885416666666666,
            "recall": 0.2942708333333333,
            "f1": 0.39236111111111105
        },
        "UNK": {
            "correct": 0,
            "incorrect": 0,
            "partial": 0,
            "missed": 0,
            "spurious": 0,
            "possible": 0,
            "actual": 0,
            "precision": 0,
            "recall": 0,
            "f1": 0
        }
    }
}