{
    "model": "est-roberta_Combined",
    "trained_on": "combined",
    "epochs": 3,
    "evaluated_on": "ewt",
    "results": {
        "strict": {
            "correct": 554,
            "incorrect": 81,
            "partial": 0,
            "missed": 85,
            "spurious": 37,
            "possible": 720,
            "actual": 672,
            "precision": 0.8244047619047619,
            "recall": 0.7694444444444445,
            "f1": 0.7959770114942529
        },
        "GEP": {
            "correct": 34,
            "incorrect": 4,
            "partial": 0,
            "missed": 3,
            "spurious": 0,
            "possible": 41,
            "actual": 38,
            "precision": 0.8947368421052632,
            "recall": 0.8292682926829268,
            "f1": 0.860759493670886
        },
        "LOC": {
            "correct": 16,
            "incorrect": 5,
            "partial": 0,
            "missed": 7,
            "spurious": 2,
            "possible": 28,
            "actual": 23,
            "precision": 0.6956521739130435,
            "recall": 0.5714285714285714,
            "f1": 0.6274509803921569
        },
        "MUU": {
            "correct": 0,
            "incorrect": 0,
            "partial": 0,
            "missed": 0,
            "spurious": 0,
            "possible": 0,
            "actual": 0,
            "precision": 0,
            "recall": 0,
            "f1": 0
        },
        "PROD": {
            "correct": 47,
            "incorrect": 7,
            "partial": 0,
            "missed": 52,
            "spurious": 19,
            "possible": 106,
            "actual": 73,
            "precision": 0.6438356164383562,
            "recall": 0.44339622641509435,
            "f1": 0.5251396648044692
        },
        "UNK": {
            "correct": 0,
            "incorrect": 0,
            "partial": 0,
            "missed": 0,
            "spurious": 0,
            "possible": 0,
            "actual": 0,
            "precision": 0,
            "recall": 0,
            "f1": 0
        },
        "ORG": {
            "correct": 41,
            "incorrect": 34,
            "partial": 0,
            "missed": 17,
            "spurious": 3,
            "possible": 92,
            "actual": 78,
            "precision": 0.5256410256410257,
            "recall": 0.44565217391304346,
            "f1": 0.4823529411764706
        },
        "EVE": {
            "correct": 18,
            "incorrect": 1,
            "partial": 0,
            "missed": 3,
            "spurious": 0,
            "possible": 22,
            "actual": 19,
            "precision": 0.9473684210526315,
            "recall": 0.8181818181818182,
            "f1": 0.8780487804878049
        },
        "PER": {
            "correct": 398,
            "incorrect": 30,
            "partial": 0,
            "missed": 3,
            "spurious": 13,
            "possible": 431,
            "actual": 441,
            "precision": 0.9024943310657596,
            "recall": 0.9234338747099768,
            "f1": 0.9128440366972478
        }
    }
}