{
    "model": "est-roberta",
    "trained_on": "Combined",
    "epochs": 3,
    "evaluated_on": "Combined",
    "results": {
        "strict": {
            "correct": 5228,
            "incorrect": 806,
            "partial": 0,
            "missed": 431,
            "spurious": 316,
            "possible": 6465,
            "actual": 6350,
            "precision": 0.8233070866141732,
            "recall": 0.8086620262954369,
            "f1": 0.8159188451033944
        },
        "EVE": {
            "correct": 73,
            "incorrect": 19,
            "partial": 0,
            "missed": 41,
            "spurious": 10,
            "possible": 133,
            "actual": 102,
            "precision": 0.7156862745098039,
            "recall": 0.5488721804511278,
            "f1": 0.621276595744681
        },
        "GEP": {
            "correct": 328,
            "incorrect": 68,
            "partial": 0,
            "missed": 18,
            "spurious": 9,
            "possible": 414,
            "actual": 405,
            "precision": 0.8098765432098766,
            "recall": 0.7922705314009661,
            "f1": 0.8009768009768009
        },
        "LOC": {
            "correct": 414,
            "incorrect": 134,
            "partial": 0,
            "missed": 17,
            "spurious": 17,
            "possible": 565,
            "actual": 565,
            "precision": 0.7327433628318584,
            "recall": 0.7327433628318584,
            "f1": 0.7327433628318583
        },
        "MUU": {
            "correct": 0,
            "incorrect": 6,
            "partial": 0,
            "missed": 0,
            "spurious": 0,
            "possible": 6,
            "actual": 6,
            "precision": 0.0,
            "recall": 0.0,
            "f1": 0
        },
        "ORG": {
            "correct": 554,
            "incorrect": 211,
            "partial": 0,
            "missed": 62,
            "spurious": 44,
            "possible": 827,
            "actual": 809,
            "precision": 0.6847960444993819,
            "recall": 0.6698911729141476,
            "f1": 0.6772616136919315
        },
        "PER": {
            "correct": 3384,
            "incorrect": 153,
            "partial": 0,
            "missed": 39,
            "spurious": 78,
            "possible": 3576,
            "actual": 3615,
            "precision": 0.9360995850622407,
            "recall": 0.9463087248322147,
            "f1": 0.9411764705882353
        },
        "PROD": {
            "correct": 475,
            "incorrect": 214,
            "partial": 0,
            "missed": 254,
            "spurious": 158,
            "possible": 943,
            "actual": 847,
            "precision": 0.5608028335301063,
            "recall": 0.503711558854719,
            "f1": 0.5307262569832403
        },
        "UNK": {
            "correct": 0,
            "incorrect": 1,
            "partial": 0,
            "missed": 0,
            "spurious": 0,
            "possible": 1,
            "actual": 1,
            "precision": 0.0,
            "recall": 0.0,
            "f1": 0
        }
    }
}