{
    "model": "EstRoBERTa_6",
    "trained_on": "EDT",
    "evaluated_on": "EDT",
    "results": {
        "Strict": {
            "correct": 3764,
            "incorrect": 829,
            "partial": 0,
            "missed": 259,
            "spurious": 166,
            "possible": 4852,
            "actual": 4759,
            "precision": 0.7909224627022484,
            "recall": 0.7757625721352019,
            "f1": 0.7832691707418583
        },
        "EVE": {
            "correct": 44,
            "incorrect": 16,
            "partial": 0,
            "missed": 35,
            "spurious": 9,
            "possible": 95,
            "actual": 69,
            "precision": 0.6376811594202898,
            "recall": 0.4631578947368421,
            "f1": 0.5365853658536586
        },
        "GEP": {
            "correct": 334,
            "incorrect": 118,
            "partial": 0,
            "missed": 18,
            "spurious": 5,
            "possible": 470,
            "actual": 457,
            "precision": 0.7308533916849015,
            "recall": 0.7106382978723405,
            "f1": 0.7206040992448758
        },
        "LOC": {
            "correct": 416,
            "incorrect": 176,
            "partial": 0,
            "missed": 33,
            "spurious": 19,
            "possible": 625,
            "actual": 611,
            "precision": 0.6808510638297872,
            "recall": 0.6656,
            "f1": 0.6731391585760517
        },
        "MUU": {
            "correct": 0,
            "incorrect": 8,
            "partial": 0,
            "missed": 0,
            "spurious": 0,
            "possible": 8,
            "actual": 8,
            "precision": 0.0,
            "recall": 0.0,
            "f1": 0
        },
        "ORG": {
            "correct": 554,
            "incorrect": 140,
            "partial": 0,
            "missed": 37,
            "spurious": 47,
            "possible": 731,
            "actual": 741,
            "precision": 0.747638326585695,
            "recall": 0.7578659370725034,
            "f1": 0.7527173913043478
        },
        "PER": {
            "correct": 2095,
            "incorrect": 141,
            "partial": 0,
            "missed": 52,
            "spurious": 23,
            "possible": 2288,
            "actual": 2259,
            "precision": 0.9274015050907481,
            "recall": 0.9156468531468531,
            "f1": 0.9214866945238618
        },
        "PROD": {
            "correct": 321,
            "incorrect": 228,
            "partial": 0,
            "missed": 84,
            "spurious": 63,
            "possible": 633,
            "actual": 612,
            "precision": 0.5245098039215687,
            "recall": 0.5071090047393365,
            "f1": 0.5156626506024096
        },
        "UNK": {
            "correct": 0,
            "incorrect": 2,
            "partial": 0,
            "missed": 0,
            "spurious": 0,
            "possible": 2,
            "actual": 2,
            "precision": 0.0,
            "recall": 0.0,
            "f1": 0
        }
    }
}