{
    "model": "EstRoBERTa_6",
    "trained_on": "Combined",
    "evaluated_on": "Combined",
    "results": {
        "Strict": {
            "correct": 5061,
            "incorrect": 1017,
            "partial": 0,
            "missed": 447,
            "spurious": 323,
            "possible": 6525,
            "actual": 6401,
            "precision": 0.7906577097328542,
            "recall": 0.775632183908046,
            "f1": 0.7830728763732012
        },
        "EVE": {
            "correct": 66,
            "incorrect": 32,
            "partial": 0,
            "missed": 52,
            "spurious": 9,
            "possible": 150,
            "actual": 107,
            "precision": 0.616822429906542,
            "recall": 0.44,
            "f1": 0.5136186770428015
        },
        "GEP": {
            "correct": 406,
            "incorrect": 107,
            "partial": 0,
            "missed": 17,
            "spurious": 14,
            "possible": 530,
            "actual": 527,
            "precision": 0.7703984819734345,
            "recall": 0.7660377358490567,
            "f1": 0.7682119205298014
        },
        "LOC": {
            "correct": 461,
            "incorrect": 186,
            "partial": 0,
            "missed": 40,
            "spurious": 31,
            "possible": 687,
            "actual": 678,
            "precision": 0.6799410029498525,
            "recall": 0.6710334788937409,
            "f1": 0.6754578754578754
        },
        "MUU": {
            "correct": 0,
            "incorrect": 2,
            "partial": 0,
            "missed": 6,
            "spurious": 6,
            "possible": 8,
            "actual": 8,
            "precision": 0.0,
            "recall": 0.0,
            "f1": 0
        },
        "ORG": {
            "correct": 678,
            "incorrect": 197,
            "partial": 0,
            "missed": 29,
            "spurious": 61,
            "possible": 904,
            "actual": 936,
            "precision": 0.7243589743589743,
            "recall": 0.75,
            "f1": 0.7369565217391303
        },
        "PER": {
            "correct": 2984,
            "incorrect": 263,
            "partial": 0,
            "missed": 54,
            "spurious": 39,
            "possible": 3301,
            "actual": 3286,
            "precision": 0.9080949482653682,
            "recall": 0.9039684943956376,
            "f1": 0.906027022923941
        },
        "PROD": {
            "correct": 466,
            "incorrect": 228,
            "partial": 0,
            "missed": 249,
            "spurious": 163,
            "possible": 943,
            "actual": 857,
            "precision": 0.543757292882147,
            "recall": 0.4941675503711559,
            "f1": 0.5177777777777777
        },
        "UNK": {
            "correct": 0,
            "incorrect": 2,
            "partial": 0,
            "missed": 0,
            "spurious": 0,
            "possible": 2,
            "actual": 2,
            "precision": 0.0,
            "recall": 0.0,
            "f1": 0
        }
    }
}