{
    "model": "EstRoBERTa_6",
    "trained_on": "Combined",
    "evaluated_on": "EWT",
    "results": {
        "Strict": {
            "correct": 1169,
            "incorrect": 272,
            "partial": 0,
            "missed": 232,
            "spurious": 148,
            "possible": 1673,
            "actual": 1589,
            "precision": 0.73568281938326,
            "recall": 0.698744769874477,
            "f1": 0.7167381974248926
        },
        "EVE": {
            "correct": 29,
            "incorrect": 9,
            "partial": 0,
            "missed": 17,
            "spurious": 1,
            "possible": 55,
            "actual": 39,
            "precision": 0.7435897435897436,
            "recall": 0.5272727272727272,
            "f1": 0.6170212765957446
        },
        "GEP": {
            "correct": 50,
            "incorrect": 6,
            "partial": 0,
            "missed": 4,
            "spurious": 4,
            "possible": 60,
            "actual": 60,
            "precision": 0.8333333333333334,
            "recall": 0.8333333333333334,
            "f1": 0.8333333333333334
        },
        "LOC": {
            "correct": 39,
            "incorrect": 13,
            "partial": 0,
            "missed": 10,
            "spurious": 3,
            "possible": 62,
            "actual": 55,
            "precision": 0.7090909090909091,
            "recall": 0.6290322580645161,
            "f1": 0.6666666666666666
        },
        "MUU": {
            "correct": 0,
            "incorrect": 0,
            "partial": 0,
            "missed": 0,
            "spurious": 6,
            "possible": 0,
            "actual": 6,
            "precision": 0.0,
            "recall": 0,
            "f1": 0
        },
        "ORG": {
            "correct": 90,
            "incorrect": 70,
            "partial": 0,
            "missed": 13,
            "spurious": 19,
            "possible": 173,
            "actual": 179,
            "precision": 0.5027932960893855,
            "recall": 0.5202312138728323,
            "f1": 0.5113636363636365
        },
        "PER": {
            "correct": 841,
            "incorrect": 152,
            "partial": 0,
            "missed": 20,
            "spurious": 17,
            "possible": 1013,
            "actual": 1010,
            "precision": 0.8326732673267326,
            "recall": 0.8302073050345509,
            "f1": 0.8314384577360356
        },
        "PROD": {
            "correct": 120,
            "incorrect": 22,
            "partial": 0,
            "missed": 168,
            "spurious": 98,
            "possible": 310,
            "actual": 240,
            "precision": 0.5,
            "recall": 0.3870967741935484,
            "f1": 0.43636363636363634
        },
        "UNK": {
            "correct": 0,
            "incorrect": 0,
            "partial": 0,
            "missed": 0,
            "spurious": 0,
            "possible": 0,
            "actual": 0,
            "precision": 0,
            "recall": 0,
            "f1": 0
        }
    }
}