{
    "model": "EstRoBERTa_6",
    "trained_on": "Combined",
    "evaluated_on": "EDT",
    "results": {
        "Strict": {
            "correct": 3892,
            "incorrect": 745,
            "partial": 0,
            "missed": 215,
            "spurious": 175,
            "possible": 4852,
            "actual": 4812,
            "precision": 0.8088113050706567,
            "recall": 0.8021434460016488,
            "f1": 0.8054635761589403
        },
        "EVE": {
            "correct": 37,
            "incorrect": 23,
            "partial": 0,
            "missed": 35,
            "spurious": 8,
            "possible": 95,
            "actual": 68,
            "precision": 0.5441176470588235,
            "recall": 0.3894736842105263,
            "f1": 0.4539877300613497
        },
        "GEP": {
            "correct": 356,
            "incorrect": 101,
            "partial": 0,
            "missed": 13,
            "spurious": 10,
            "possible": 470,
            "actual": 467,
            "precision": 0.7623126338329764,
            "recall": 0.7574468085106383,
            "f1": 0.759871931696905
        },
        "LOC": {
            "correct": 422,
            "incorrect": 173,
            "partial": 0,
            "missed": 30,
            "spurious": 28,
            "possible": 625,
            "actual": 623,
            "precision": 0.6773675762439807,
            "recall": 0.6752,
            "f1": 0.6762820512820513
        },
        "MUU": {
            "correct": 0,
            "incorrect": 2,
            "partial": 0,
            "missed": 6,
            "spurious": 0,
            "possible": 8,
            "actual": 2,
            "precision": 0.0,
            "recall": 0.0,
            "f1": 0
        },
        "ORG": {
            "correct": 588,
            "incorrect": 127,
            "partial": 0,
            "missed": 16,
            "spurious": 42,
            "possible": 731,
            "actual": 757,
            "precision": 0.7767503302509907,
            "recall": 0.8043775649794802,
            "f1": 0.7903225806451613
        },
        "PER": {
            "correct": 2143,
            "incorrect": 111,
            "partial": 0,
            "missed": 34,
            "spurious": 22,
            "possible": 2288,
            "actual": 2276,
            "precision": 0.9415641476274165,
            "recall": 0.9366258741258742,
            "f1": 0.9390885188431201
        },
        "PROD": {
            "correct": 346,
            "incorrect": 206,
            "partial": 0,
            "missed": 81,
            "spurious": 65,
            "possible": 633,
            "actual": 617,
            "precision": 0.5607779578606159,
            "recall": 0.5466034755134281,
            "f1": 0.5536000000000001
        },
        "UNK": {
            "correct": 0,
            "incorrect": 2,
            "partial": 0,
            "missed": 0,
            "spurious": 0,
            "possible": 2,
            "actual": 2,
            "precision": 0.0,
            "recall": 0.0,
            "f1": 0
        }
    }
}