{
    "model": "EstBERT_EWT",
    "trained_on": "ewt",
    "epochs": 3,
    "evaluated_on": "ewt",
    "results": {
        "strict": {
            "correct": 475,
            "incorrect": 150,
            "partial": 0,
            "missed": 95,
            "spurious": 79,
            "possible": 720,
            "actual": 704,
            "precision": 0.6747159090909091,
            "recall": 0.6597222222222222,
            "f1": 0.6671348314606741
        },
        "GEP": {
            "correct": 29,
            "incorrect": 11,
            "partial": 0,
            "missed": 1,
            "spurious": 7,
            "possible": 41,
            "actual": 47,
            "precision": 0.6170212765957447,
            "recall": 0.7073170731707317,
            "f1": 0.6590909090909092
        },
        "LOC": {
            "correct": 16,
            "incorrect": 6,
            "partial": 0,
            "missed": 6,
            "spurious": 5,
            "possible": 28,
            "actual": 27,
            "precision": 0.5925925925925926,
            "recall": 0.5714285714285714,
            "f1": 0.5818181818181818
        },
        "MUU": {
            "correct": 0,
            "incorrect": 0,
            "partial": 0,
            "missed": 0,
            "spurious": 0,
            "possible": 0,
            "actual": 0,
            "precision": 0,
            "recall": 0,
            "f1": 0
        },
        "PROD": {
            "correct": 41,
            "incorrect": 21,
            "partial": 0,
            "missed": 44,
            "spurious": 39,
            "possible": 106,
            "actual": 101,
            "precision": 0.40594059405940597,
            "recall": 0.3867924528301887,
            "f1": 0.39613526570048313
        },
        "UNK": {
            "correct": 0,
            "incorrect": 0,
            "partial": 0,
            "missed": 0,
            "spurious": 0,
            "possible": 0,
            "actual": 0,
            "precision": 0,
            "recall": 0,
            "f1": 0
        },
        "ORG": {
            "correct": 39,
            "incorrect": 44,
            "partial": 0,
            "missed": 9,
            "spurious": 6,
            "possible": 92,
            "actual": 89,
            "precision": 0.43820224719101125,
            "recall": 0.42391304347826086,
            "f1": 0.430939226519337
        },
        "EVE": {
            "correct": 3,
            "incorrect": 12,
            "partial": 0,
            "missed": 7,
            "spurious": 7,
            "possible": 22,
            "actual": 22,
            "precision": 0.13636363636363635,
            "recall": 0.13636363636363635,
            "f1": 0.13636363636363635
        },
        "PER": {
            "correct": 347,
            "incorrect": 56,
            "partial": 0,
            "missed": 28,
            "spurious": 15,
            "possible": 431,
            "actual": 418,
            "precision": 0.8301435406698564,
            "recall": 0.8051044083526682,
            "f1": 0.8174322732626619
        }
    }
}