{
    "model": "EstBERT",
    "trained_on": "EWT",
    "epochs": 3,
    "evaluated_on": "EWT",
    "results": {
        "strict": {
            "correct": 1171,
            "incorrect": 404,
            "partial": 0,
            "missed": 280,
            "spurious": 225,
            "possible": 1855,
            "actual": 1800,
            "precision": 0.6505555555555556,
            "recall": 0.631266846361186,
            "f1": 0.640766073871409
        },
        "EVE": {
            "correct": 9,
            "incorrect": 23,
            "partial": 0,
            "missed": 25,
            "spurious": 10,
            "possible": 57,
            "actual": 42,
            "precision": 0.21428571428571427,
            "recall": 0.15789473684210525,
            "f1": 0.18181818181818182
        },
        "GEP": {
            "correct": 33,
            "incorrect": 20,
            "partial": 0,
            "missed": 2,
            "spurious": 10,
            "possible": 55,
            "actual": 63,
            "precision": 0.5238095238095238,
            "recall": 0.6,
            "f1": 0.559322033898305
        },
        "LOC": {
            "correct": 37,
            "incorrect": 9,
            "partial": 0,
            "missed": 9,
            "spurious": 16,
            "possible": 55,
            "actual": 62,
            "precision": 0.5967741935483871,
            "recall": 0.6727272727272727,
            "f1": 0.6324786324786325
        },
        "MUU": {
            "correct": 0,
            "incorrect": 0,
            "partial": 0,
            "missed": 0,
            "spurious": 0,
            "possible": 0,
            "actual": 0,
            "precision": 0,
            "recall": 0,
            "f1": 0
        },
        "ORG": {
            "correct": 95,
            "incorrect": 115,
            "partial": 0,
            "missed": 21,
            "spurious": 22,
            "possible": 231,
            "actual": 232,
            "precision": 0.40948275862068967,
            "recall": 0.41125541125541126,
            "f1": 0.4103671706263499
        },
        "PER": {
            "correct": 867,
            "incorrect": 166,
            "partial": 0,
            "missed": 62,
            "spurious": 30,
            "possible": 1095,
            "actual": 1063,
            "precision": 0.8156161806208843,
            "recall": 0.7917808219178082,
            "f1": 0.8035217794253938
        },
        "PROD": {
            "correct": 130,
            "incorrect": 71,
            "partial": 0,
            "missed": 161,
            "spurious": 137,
            "possible": 362,
            "actual": 338,
            "precision": 0.38461538461538464,
            "recall": 0.35911602209944754,
            "f1": 0.37142857142857144
        },
        "UNK": {
            "correct": 0,
            "incorrect": 0,
            "partial": 0,
            "missed": 0,
            "spurious": 0,
            "possible": 0,
            "actual": 0,
            "precision": 0,
            "recall": 0,
            "f1": 0
        }
    }
}