{
    "model": "EstBERT_NER",
    "trained_on": null,
    "epochs": null,
    "evaluated_on": "EDT",
    "results": {
        "strict": {
            "correct": 1491,
            "incorrect": 161,
            "partial": 0,
            "missed": 123,
            "spurious": 517,
            "possible": 1775,
            "actual": 2169,
            "precision": 0.6874135546334716,
            "recall": 0.84,
            "f1": 0.7560851926977687
        },
        "LOC": {
            "correct": 226,
            "incorrect": 46,
            "partial": 0,
            "missed": 21,
            "spurious": 317,
            "possible": 293,
            "actual": 589,
            "precision": 0.3837011884550085,
            "recall": 0.7713310580204779,
            "f1": 0.5124716553287982
        },
        "ORG": {
            "correct": 272,
            "incorrect": 56,
            "partial": 0,
            "missed": 37,
            "spurious": 117,
            "possible": 365,
            "actual": 445,
            "precision": 0.6112359550561798,
            "recall": 0.7452054794520548,
            "f1": 0.6716049382716051
        },
        "PER": {
            "correct": 993,
            "incorrect": 59,
            "partial": 0,
            "missed": 65,
            "spurious": 83,
            "possible": 1117,
            "actual": 1135,
            "precision": 0.8748898678414097,
            "recall": 0.8889883616830797,
            "f1": 0.8818827708703375
        }
    }
}