{
    "model": "est-roberta",
    "trained_on": "EDT",
    "epochs": 3,
    "evaluated_on": "EDT",
    "results": {
        "strict": {
            "correct": 3838,
            "incorrect": 603,
            "partial": 0,
            "missed": 156,
            "spurious": 138,
            "possible": 4597,
            "actual": 4579,
            "precision": 0.8381742738589212,
            "recall": 0.8348923210789645,
            "f1": 0.8365300784655624
        },
        "EVE": {
            "correct": 36,
            "incorrect": 15,
            "partial": 0,
            "missed": 28,
            "spurious": 5,
            "possible": 79,
            "actual": 56,
            "precision": 0.6428571428571429,
            "recall": 0.45569620253164556,
            "f1": 0.5333333333333333
        },
        "GEP": {
            "correct": 275,
            "incorrect": 73,
            "partial": 0,
            "missed": 9,
            "spurious": 9,
            "possible": 357,
            "actual": 357,
            "precision": 0.7703081232492998,
            "recall": 0.7703081232492998,
            "f1": 0.7703081232492998
        },
        "LOC": {
            "correct": 379,
            "incorrect": 115,
            "partial": 0,
            "missed": 11,
            "spurious": 12,
            "possible": 505,
            "actual": 506,
            "precision": 0.7490118577075099,
            "recall": 0.7504950495049505,
            "f1": 0.7497527200791295
        },
        "MUU": {
            "correct": 0,
            "incorrect": 6,
            "partial": 0,
            "missed": 0,
            "spurious": 0,
            "possible": 6,
            "actual": 6,
            "precision": 0.0,
            "recall": 0.0,
            "f1": 0
        },
        "ORG": {
            "correct": 488,
            "incorrect": 129,
            "partial": 0,
            "missed": 14,
            "spurious": 27,
            "possible": 631,
            "actual": 644,
            "precision": 0.7577639751552795,
            "recall": 0.7733755942947702,
            "f1": 0.7654901960784314
        },
        "PER": {
            "correct": 2303,
            "incorrect": 82,
            "partial": 0,
            "missed": 35,
            "spurious": 15,
            "possible": 2420,
            "actual": 2400,
            "precision": 0.9595833333333333,
            "recall": 0.9516528925619835,
            "f1": 0.9556016597510373
        },
        "PROD": {
            "correct": 357,
            "incorrect": 182,
            "partial": 0,
            "missed": 59,
            "spurious": 70,
            "possible": 598,
            "actual": 609,
            "precision": 0.5862068965517241,
            "recall": 0.596989966555184,
            "f1": 0.5915492957746479
        },
        "UNK": {
            "correct": 0,
            "incorrect": 1,
            "partial": 0,
            "missed": 0,
            "spurious": 0,
            "possible": 1,
            "actual": 1,
            "precision": 0.0,
            "recall": 0.0,
            "f1": 0
        }
    }
}