{
    "model": "est-roberta",
    "trained_on": "EDT",
    "epochs": 6,
    "evaluated_on": "EDT",
    "results": {
        "strict": {
            "correct": 3773,
            "incorrect": 671,
            "partial": 0,
            "missed": 153,
            "spurious": 156,
            "possible": 4597,
            "actual": 4600,
            "precision": 0.8202173913043478,
            "recall": 0.8207526647813792,
            "f1": 0.8204849407415461
        },
        "EVE": {
            "correct": 23,
            "incorrect": 26,
            "partial": 0,
            "missed": 30,
            "spurious": 7,
            "possible": 79,
            "actual": 56,
            "precision": 0.4107142857142857,
            "recall": 0.2911392405063291,
            "f1": 0.34074074074074073
        },
        "GEP": {
            "correct": 260,
            "incorrect": 89,
            "partial": 0,
            "missed": 8,
            "spurious": 6,
            "possible": 357,
            "actual": 355,
            "precision": 0.7323943661971831,
            "recall": 0.7282913165266106,
            "f1": 0.7303370786516854
        },
        "LOC": {
            "correct": 357,
            "incorrect": 134,
            "partial": 0,
            "missed": 14,
            "spurious": 9,
            "possible": 505,
            "actual": 500,
            "precision": 0.714,
            "recall": 0.7069306930693069,
            "f1": 0.7104477611940297
        },
        "MUU": {
            "correct": 0,
            "incorrect": 6,
            "partial": 0,
            "missed": 0,
            "spurious": 1,
            "possible": 6,
            "actual": 7,
            "precision": 0.0,
            "recall": 0.0,
            "f1": 0
        },
        "ORG": {
            "correct": 490,
            "incorrect": 124,
            "partial": 0,
            "missed": 17,
            "spurious": 21,
            "possible": 631,
            "actual": 635,
            "precision": 0.7716535433070866,
            "recall": 0.7765451664025357,
            "f1": 0.7740916271721958
        },
        "PER": {
            "correct": 2284,
            "incorrect": 99,
            "partial": 0,
            "missed": 37,
            "spurious": 19,
            "possible": 2420,
            "actual": 2402,
            "precision": 0.9508742714404663,
            "recall": 0.943801652892562,
            "f1": 0.9473247615097471
        },
        "PROD": {
            "correct": 359,
            "incorrect": 192,
            "partial": 0,
            "missed": 47,
            "spurious": 84,
            "possible": 598,
            "actual": 635,
            "precision": 0.5653543307086614,
            "recall": 0.6003344481605352,
            "f1": 0.5823195458231955
        },
        "UNK": {
            "correct": 0,
            "incorrect": 1,
            "partial": 0,
            "missed": 0,
            "spurious": 9,
            "possible": 1,
            "actual": 10,
            "precision": 0.0,
            "recall": 0.0,
            "f1": 0
        }
    }
}