{
    "model": "EstBERT_NER_V2",
    "trained_on": "EstNER_V1+EstNER_new",
    "epochs": null,
    "evaluated_on": "ewt",
    "results": {
        "strict": {
            "correct": 414,
            "incorrect": 125,
            "partial": 0,
            "missed": 181,
            "spurious": 64,
            "possible": 720,
            "actual": 603,
            "precision": 0.6865671641791045,
            "recall": 0.575,
            "f1": 0.6258503401360543
        },
        "ORG": {
            "correct": 38,
            "incorrect": 31,
            "partial": 0,
            "missed": 23,
            "spurious": 13,
            "possible": 92,
            "actual": 82,
            "precision": 0.4634146341463415,
            "recall": 0.41304347826086957,
            "f1": 0.4367816091954023
        },
        "PER": {
            "correct": 304,
            "incorrect": 28,
            "partial": 0,
            "missed": 99,
            "spurious": 20,
            "possible": 431,
            "actual": 352,
            "precision": 0.8636363636363636,
            "recall": 0.7053364269141531,
            "f1": 0.7765006385696042
        },
        "GPE": {
            "correct": 36,
            "incorrect": 1,
            "partial": 0,
            "missed": 4,
            "spurious": 7,
            "possible": 41,
            "actual": 44,
            "precision": 0.8181818181818182,
            "recall": 0.8780487804878049,
            "f1": 0.8470588235294119
        },
        "PROD": {
            "correct": 24,
            "incorrect": 39,
            "partial": 0,
            "missed": 43,
            "spurious": 15,
            "possible": 106,
            "actual": 78,
            "precision": 0.3076923076923077,
            "recall": 0.22641509433962265,
            "f1": 0.26086956521739135
        },
        "LOC": {
            "correct": 4,
            "incorrect": 15,
            "partial": 0,
            "missed": 9,
            "spurious": 1,
            "possible": 28,
            "actual": 20,
            "precision": 0.2,
            "recall": 0.14285714285714285,
            "f1": 0.16666666666666666
        },
        "EVENT": {
            "correct": 8,
            "incorrect": 11,
            "partial": 0,
            "missed": 3,
            "spurious": 8,
            "possible": 22,
            "actual": 27,
            "precision": 0.2962962962962963,
            "recall": 0.36363636363636365,
            "f1": 0.32653061224489793
        }
    }
}